fecha,anio,mes,sst_nino12,anom_nino12,sst_piura,anom_piura,n_dias_sst,anomalia,icen,icen_operativo,categoria
1982-01-01,1982,1,24.20982444727953,-0.2535043476437293,20.793834488945578,-1.989120563773043,31,-0.29718391028754,,,S/D
1982-02-01,1982,2,25.270128802662946,-0.5645098560005862,21.021082138668845,-3.1717780556685726,28,-0.7832658929636942,-0.8502275428478411,,DEBIL
1982-03-01,1982,3,25.0252075791672,-1.181032602953409,20.197675571095832,-3.8648420062797575,31,-1.470232825292289,-1.1630677927415636,-0.8502275428478411,MODERADA
1982-04-01,1982,4,24.33051728371544,-1.0404613110889336,19.118012564918747,-3.655835259954207,30,-1.2357046599687074,-1.1156814074837555,-1.1630677927415636,MODERADA
1982-05-01,1982,5,23.856352934874987,-0.3989562188796878,19.84398742967699,-1.843715703176087,31,-0.6411067371902703,-0.7105726035630345,-1.1156814074837555,DEBIL
1982-06-01,1982,6,22.876908294306265,-0.1360628166852317,19.395271793153523,-1.3561005751940585,30,-0.2549064135301258,-0.21259930962532655,-0.7105726035630345,NEUTRO
1982-07-01,1982,7,22.110790928941228,0.267749615339354,19.27501153810819,-0.6880567339858084,31,0.2582152218444165,0.2881885149893802,-0.21259930962532655,NEUTRO
1982-08-01,1982,8,21.78340505584144,0.8819472250536269,18.443371397381096,-0.6809497997719401,31,0.8612567366538499,0.8109856578193609,0.2881885149893802,DEBIL
1982-09-01,1982,9,21.9932249684954,1.3922538181662585,19.070741553582405,0.1913896800134027,30,1.3134850149598165,1.3220963778545685,0.8109856578193609,MODERADA
1982-10-01,1982,10,22.781929226582,1.8028387134175,20.96685050178612,1.57937396981177,31,1.7915473819500392,1.9801391093548115,1.3220963778545685,MODERADA
1982-11-01,1982,11,24.55934138029562,2.8471292482922688,23.19424945552019,3.019844753448373,30,2.8353849311545787,2.5268100496445123,1.9801391093548115,FUERTE
1982-12-01,1982,12,25.83064293126711,2.943069336158343,24.05802063348808,2.724287798788364,31,2.9534978358289194,2.7282383238341716,2.5268100496445123,FUERTE
1983-01-01,1983,1,26.902840562086087,2.43950973683321,26.2921464664206,3.5092074643723774,31,2.3958322045190172,2.3191455840503323,2.7282383238341716,FUERTE
1983-02-01,1983,2,27.6615014074297,1.826848962107504,26.825733432257152,2.632914462819808,28,1.6081067118030603,1.9618178385388927,2.3191455840503323,MODERADA
1983-03-01,1983,3,28.37695500375409,2.17074577013543,27.74481395813856,3.6823683115451353,31,1.8815145992946007,2.029695082009996,1.9618178385388927,MODERADA
1983-04-01,1983,4,28.165685878616475,2.7946743354354826,28.37686312615178,5.602840341765791,30,2.599463934932327,2.6412453479955538,2.029695082009996,FUERTE
1983-05-01,1983,5,27.94021718182499,3.684912532864285,28.31394884321685,6.626535541156189,31,3.4427575097597334,3.392593101895391,2.6412453479955538,FUERTE
1983-06-01,1983,6,27.267372568830503,4.254369718577166,27.51821756854862,6.766654771876923,30,4.135557860994112,3.8299876407706868,3.392593101895391,EXTRAORDINARIA
1983-07-01,1983,7,25.764223258655026,3.9211690778389694,24.153139338193583,4.189989677851697,31,3.9116475515582145,3.6177779174091556,3.8299876407706868,EXTRAORDINARIA
1983-08-01,1983,8,23.72827665886273,2.8268101871523195,20.158496641248608,1.0342980668940065,31,2.8061283396751406,2.736806020937827,3.6177779174091556,FUERTE
1983-09-01,1983,9,22.17238212511571,1.5714187539768971,20.0809467805886,1.2019959233819175,30,1.4926421715801261,1.7806356878713185,2.736806020937827,MODERADA
1983-10-01,1983,10,22.03351839699065,1.054408230368682,19.217687838779938,-0.169862191213744,31,1.043136552358689,0.9493304732451927,1.7806356878713185,DEBIL
1983-11-01,1983,11,22.036169144937805,0.3239157933021105,19.2924141397219,-0.8818406209862067,30,0.31221269579676303,0.4893232726487173,0.9493304732451927,NEUTRO
1983-12-01,1983,12,22.98976566522889,0.102166732407494,19.93487540464443,-1.3987856073584497,31,0.11262056979069968,0.05562957834649751,0.4893232726487173,NEUTRO
1984-01-01,1984,1,24.2490638270191,-0.2142343686990485,20.380442177054565,-2.402435216359795,31,-0.2579445305479702,-0.36159321985455506,0.05562957834649751,NEUTRO
1984-02-01,1984,2,25.113938996820245,-0.7322075982038044,22.447571591151995,-1.750239108959509,29,-0.9394556988063947,-0.710108262074216,-0.36159321985455506,DEBIL
1984-03-01,1984,3,25.562515847591207,-0.6437272825146271,22.295290019941746,-1.7671596258086135,31,-0.9329245568682829,-0.7819413766281542,-0.710108262074216,DEBIL
1984-04-01,1984,4,25.092778069474363,-0.2782360651596895,20.67442648126432,-2.099472664321216,30,-0.47344387420978506,-0.8829874702618703,-0.7819413766281542,DEBIL
1984-05-01,1984,5,23.254865692357715,-1.000459912409977,19.232718345862224,-2.4547226260409976,31,-1.242593979707543,-0.9036799024854064,-0.8829874702618703,DEBIL
1984-06-01,1984,6,22.1368128542975,-0.8762112900398487,18.96577902496231,-1.7857202769866534,30,-0.9950018535388914,-0.9767706436533162,-0.9036799024854064,DEBIL
1984-07-01,1984,7,21.159859609383297,-0.6831802282224104,18.38236890601441,-1.5807999935148809,31,-0.6927160977135145,-0.7606837715169791,-0.9767706436533162,DEBIL
1984-08-01,1984,8,20.327814955889057,-0.5736532856811412,18.138223887937144,-0.9858128826895954,31,-0.5943333632985315,-0.5578767137621151,-0.7606837715169791,NEUTRO
1984-09-01,1984,9,20.293159273261285,-0.307846117375226,17.851275255486684,-1.0279940805271686,30,-0.3865806802742995,-0.4775209384144894,-0.5578767137621151,NEUTRO
1984-10-01,1984,10,20.538733072961325,-0.4403795173665997,17.64911397056837,-1.7382683650473685,31,-0.4516487716706372,-0.37104065339085207,-0.4775209384144894,NEUTRO
1984-11-01,1984,11,21.449063940913422,-0.2631382738644885,18.50583593008321,-1.6683642151114098,30,-0.27489250822761946,-0.3459812266939449,-0.37104065339085207,NEUTRO
1984-12-01,1984,12,22.565742695254613,-0.3218407963754341,19.12803392798276,-2.2054876539540325,31,-0.311402400183578,-0.5363077897980624,-0.3459812266939449,NEUTRO
1985-01-01,1985,1,23.48437989658408,-0.9822217957491036,19.9990067499284,-2.787467885148537,31,-1.0226284609829897,-0.9092424471796127,-0.5363077897980624,DEBIL
1985-02-01,1985,2,24.65969821525437,-1.1887333842849377,21.802322714979777,-2.399525225570209,28,-1.3936964803722702,-1.1322222813681566,-0.9092424471796127,MODERADA
1985-03-01,1985,3,25.51509850171028,-0.6902283426272117,22.37925367084777,-1.6836988418657697,31,-0.9803419027492097,-1.2876486010246495,-1.1322222813681566,MODERADA
1985-04-01,1985,4,24.07731452373168,-1.2936359950420775,19.59714145306305,-3.176678226391915,30,-1.4889074199524686,-1.4740567089034695,-1.2876486010246495,FUERTE
1985-05-01,1985,5,22.544538868056527,-1.7107153886565236,18.54664130264431,-3.1410764217273126,31,-1.9529208040087305,-1.5950870294188206,-1.4740567089034695,FUERTE
1985-06-01,1985,6,21.788381843541128,-1.2246227976099278,18.996205282850287,-1.7550079857039147,30,-1.3434328642952629,-1.5413944783639124,-1.5950870294188206,FUERTE
1985-07-01,1985,7,20.524745940309067,-1.318317280149028,18.010367976480637,-1.9528845270456496,31,-1.327829766787744,-1.3197301844817784,-1.5413944783639124,FUERTE
1985-08-01,1985,8,19.63422039682526,-1.2672400199613472,17.529926772193974,-1.5946196747712644,31,-1.2879279223623286,-1.3228815827315792,-1.3197301844817784,FUERTE
1985-09-01,1985,9,19.32685289449092,-1.274116736853293,17.33842530853856,-1.5408255989277937,30,-1.352887059044665,-1.2506779916780175,-1.3228815827315792,MODERADA
1985-10-01,1985,10,19.879162851004903,-1.09991337304676,17.68051524273262,-1.7069430228222164,31,-1.111218993627059,-1.1000874702843564,-1.2506779916780175,MODERADA
1985-11-01,1985,11,20.887800090959697,-0.8243971493325718,18.483743619813488,-1.690234712682191,30,-0.8361563581813449,-0.8278599741381392,-1.1000874702843564,DEBIL
1985-12-01,1985,12,22.340940524832178,-0.546626849720475,20.18582704186685,-1.1478809872513362,31,-0.5362045706060137,-0.4700996961693811,-0.8278599741381392,NEUTRO
1986-01-01,1986,1,24.469070197846285,0.0057169080644026,22.342167543058498,-0.4408296629359217,31,-0.037938159720784626,-0.26938176113165707,-0.4700996961693811,NEUTRO
1986-02-01,1986,2,25.819392142558467,-0.0152436981401283,22.753783057702893,-1.4389565732474936,28,-0.23400255306817286,-0.3372106792697404,-0.26938176113165707,NEUTRO
1986-03-01,1986,3,25.755749079439227,-0.4504863714789972,20.913131556050352,-3.149375645134269,31,-0.7396913250202637,-0.6465334602842793,-0.3372106792697404,NEUTRO
1986-04-01,1986,4,24.600315440919747,-0.7706522221624121,20.49976858211873,-2.2739406377394324,30,-0.9659065027644012,-1.0024268121969573,-0.6465334602842793,DEBIL
1986-05-01,1986,5,23.19577706325905,-1.0595094549913977,19.871174779370843,-1.816289322791412,31,-1.3016826088062068,-1.0957936696995318,-1.0024268121969573,DEBIL
1986-06-01,1986,6,22.112022810308403,-0.9009642062009916,18.740162338750213,-2.0115311330764505,30,-1.0197918975279876,-0.9533956073414878,-1.0957936696995318,DEBIL
1986-07-01,1986,7,21.313863391406542,-0.5292134923686987,19.65080950502327,-0.3121636519868784,31,-0.5387123156902689,-0.5479167710718317,-0.9533956073414878,NEUTRO
1986-08-01,1986,8,20.83690221919035,-0.0645215261026255,19.09705191878469,-0.0268002421111225,31,-0.08524609999723864,-0.23965231643794027,-0.5479167710718317,NEUTRO
1986-09-01,1986,9,20.58474141990927,-0.0162568002351976,18.327918244262023,-0.5514855643044622,30,-0.09499853362631328,-0.015260981736484306,-0.23965231643794027,NEUTRO
1986-10-01,1986,10,21.12484353304606,0.1457266416250436,19.144687930652456,-0.2429495403671658,31,0.134461688414099,0.009837980567191096,-0.015260981736484306,NEUTRO
1986-11-01,1986,11,21.71400723605483,0.0018035085031406,19.981351650192668,-0.1927948846819679,30,-0.009949213086212438,0.08817749378491868,0.009837980567191096,NEUTRO
1986-12-01,1986,12,23.01716510146506,0.1296023793059185,21.08364090813289,-0.2499055334280881,31,0.14002000602686948,0.23641638879818552,0.08817749378491868,NEUTRO
1987-01-01,1987,1,25.08618673102097,0.6228935470112812,22.963774447548897,0.1811077664708521,31,0.5791783734538996,0.47776658730709914,0.23641638879818552,NEUTRO
1987-02-01,1987,2,26.76749607806717,0.9328663169560604,25.704733085226053,1.511819759232224,28,0.7141013824405285,0.7717305704686991,0.47776658730709914,DEBIL
1987-03-01,1987,3,27.51735235997116,1.3111265504472156,25.625278346726912,1.5626881900572314,31,1.0219119555116691,0.9078139151590795,0.7717305704686991,DEBIL
1987-04-01,1987,4,26.55365035120919,1.1826670945497355,23.496293684034185,0.7225407382587816,30,0.9874284075250408,0.9492394799050743,0.9078139151590795,DEBIL
1987-05-01,1987,5,25.33583774874377,1.0805326870384415,21.700524754241005,0.0129306254357189,31,0.8383780766785129,0.8356825234163429,0.9492394799050743,DEBIL
1987-06-01,1987,6,23.813055793881865,0.8000909375746196,20.95050762271737,0.1988914391020272,30,0.6812410860454747,0.7429307346452134,0.8356825234163429,DEBIL
1987-07-01,1987,7,22.561748748308464,0.7186848532999979,20.33720388674821,0.3739643534606218,31,0.7091730412116526,0.7009042734686813,0.7429307346452134,DEBIL
1987-08-01,1987,8,21.634447012336505,0.7330391209794628,19.11740519566146,-0.0067469020044422,31,0.7122986931489166,0.7165701491344372,0.7009042734686813,DEBIL
1987-09-01,1987,9,21.407978666578327,0.8069915217040232,18.6651028089574,-0.2141832802814541,30,0.7282387130427423,0.9130290693692018,0.7165701491344372,DEBIL
1987-10-01,1987,10,22.28893164654791,1.3098243384164143,20.771786109955205,1.384472462561947,31,1.2985498019159465,0.9759623325740421,0.9130290693692018,DEBIL
1987-11-01,1987,11,22.62505493190448,0.912823331221526,20.06013514268164,-0.1143202658178366,30,0.9010984827634374,0.8759261437158846,0.9759623325740421,DEBIL
1987-12-01,1987,12,23.30527524190646,0.4177086020125105,20.57488734807257,-0.7588319219191633,31,0.42813014646826986,0.37095341074628035,0.8759261437158846,NEUTRO
1988-01-01,1988,1,24.290639960574204,-0.172659632999215,21.22948702705916,-1.5534651613984083,31,-0.21636839699286625,-0.08895855217195485,0.37095341074628035,NEUTRO
1988-02-01,1988,2,25.57475728963537,-0.2713861562359577,22.32563162546722,-1.871851866829193,29,-0.47863740599126814,-0.5572210817139549,-0.08895855217195485,NEUTRO
1988-03-01,1988,3,25.51878296230176,-0.6874341034471658,21.29195731710613,-2.770724117618448,31,-0.9766574421577303,-0.8747644784968998,-0.5572210817139549,DEBIL
1988-04-01,1988,4,24.397223356342447,-0.9737562750432386,20.41737409951416,-2.3564799240520475,30,-1.1689985873417008,-1.1233420881582934,-0.8747644784968998,MODERADA
1988-05-01,1988,5,23.27308943708981,-0.9822311673233406,19.19569625862656,-2.491559455033803,31,-1.2243702349754493,-1.3435016064228762,-1.1233420881582934,FUERTE
1988-06-01,1988,6,21.494678710884912,-1.5183429745050694,18.27964410565701,-2.4720302116490767,30,-1.6371359969514785,-1.4953095934349925,-1.3435016064228762,FUERTE
1988-07-01,1988,7,20.22815315871876,-1.6148792628407376,17.8484863191003,-2.1144419825009875,31,-1.6244225483780497,-1.6313675065550288,-1.4953095934349925,FUERTE
1988-08-01,1988,8,19.28960434485203,-1.6118318722751652,17.31189641102687,-1.8123129178173247,31,-1.632543974335558,-1.5986297368717501,-1.6313675065550288,FUERTE
1988-09-01,1988,9,19.14081726563394,-1.4602090919631117,16.96853682917295,-1.9106647121237508,30,-1.5389226879016427,-1.570023508384357,-1.5986297368717501,FUERTE
1988-10-01,1988,10,19.45177798171609,-1.5273241370531272,17.608143742670467,-1.7792295137781773,31,-1.5386038629158705,-1.4312993817416217,-1.570023508384357,FUERTE
1988-11-01,1988,11,20.50758485473369,-1.2046068389517135,18.25815731278272,-1.9159914558552529,30,-1.2163715944073523,-1.3195645260140445,-1.4312993817416217,FUERTE
1988-12-01,1988,12,21.67342697471928,-1.214147713695201,19.10501861769681,-2.228588567815434,31,-1.2037181207189107,-0.9805771201429417,-1.3195645260140445,DEBIL
1989-01-01,1989,1,23.985366712264508,-0.4779338664195371,21.703939061495145,-1.0788925577851165,31,-0.5216416453025623,-0.6672016040360079,-0.9805771201429417,NEUTRO
1989-02-01,1989,2,25.77714964954009,-0.0574981861800079,24.518392767393443,0.3255258119330828,28,-0.27624504608655087,-0.2690928910068943,-0.6672016040360079,NEUTRO
1989-03-01,1989,3,26.48604842282792,0.2798009896254161,25.369469679364894,1.3069257291706078,31,-0.009391981631569735,-0.12332929131247994,-0.2690928910068943,NEUTRO
1989-04-01,1989,4,25.48187109746483,0.1108796413235664,21.81239085273916,-0.961313341151505,30,-0.08435084621931921,-0.4562697233432746,-0.12332929131247994,NEUTRO
1989-05-01,1989,5,23.222393329886323,-1.032936187941205,19.22317846508034,-2.464201654786289,31,-1.2750663421789348,-0.8374720632044527,-0.4562697233432746,DEBIL
1989-06-01,1989,6,21.978815706621287,-1.0341868316915046,19.00468755235384,-1.7465452057854474,30,-1.152999001215104,-1.03582588999911,-0.8374720632044527,DEBIL
1989-07-01,1989,7,21.17316338049352,-0.6698529947829867,18.70885456579424,-1.2543172520387595,31,-0.6794123266032912,-0.7736541889089578,-1.03582588999911,DEBIL
1989-08-01,1989,8,20.43359708027911,-0.4678756366986892,17.987658979998816,-1.1364955495868438,31,-0.48855123890847807,-0.6671133144509227,-0.7736541889089578,NEUTRO
1989-09-01,1989,9,19.846363575694586,-0.7545818319468532,17.89645619031664,-0.9827595912213104,30,-0.8333763778409988,-0.6545953882949161,-0.6671133144509227,NEUTRO
1989-10-01,1989,10,20.34852329649669,-0.6305598654051742,18.70331395003216,-0.6839828900934397,31,-0.6418585481352714,-0.644079267960341,-0.6545953882949161,NEUTRO
1989-11-01,1989,11,21.26695357123629,-0.4452379437043912,19.35725336460602,-0.8170524375942372,30,-0.4570028779047526,-0.5619020293743494,-0.644079267960341,NEUTRO
1989-12-01,1989,12,22.290300433355167,-0.5972830101881159,19.86746691238064,-1.46625327633634,31,-0.5868446620830241,-0.5593787260505891,-0.5619020293743494,NEUTRO
1990-01-01,1990,1,23.87271971940308,-0.5905987615790566,21.29084782127012,-1.4918252908846243,31,-0.6342886381639907,-0.558918581557465,-0.5593787260505891,NEUTRO
1990-02-01,1990,2,25.59777225120126,-0.2368260434973701,22.66947676088361,-1.523234030586603,28,-0.45562244442538,-0.5398439278425933,-0.558918581557465,NEUTRO
1990-03-01,1990,3,25.96581970352108,-0.240399100029667,22.552021411702405,-1.51031490658726,31,-0.5296207009384091,-0.5658610740140908,-0.5398439278425933,NEUTRO
1990-04-01,1990,4,24.853881867005665,-0.517119218575095,20.875418830624906,-1.898296308706093,30,-0.7123400766784833,-0.6022358043340562,-0.5658610740140908,NEUTRO
1990-05-01,1990,5,23.93271303667998,-0.3226054525838545,20.92002826431185,-0.7673312112581674,31,-0.5647466353852764,-0.547328444890456,-0.6022358043340562,NEUTRO
1990-06-01,1990,6,22.766916085228782,-0.2461005249159077,20.2419581727816,-0.5094625565421347,30,-0.3648986226076083,-0.5874273339582814,-0.547328444890456,NEUTRO
1990-07-01,1990,7,21.01993896321485,-0.8231443548353725,18.39587022195321,-1.5674419987137849,31,-0.8326367438819595,-0.5414975683742623,-0.5874273339582814,NEUTRO
1990-08-01,1990,8,20.49519098055437,-0.406230851954372,18.072714130534653,-1.0513921389544911,31,-0.42695733863321905,-0.6200737259168202,-0.5414975683742623,NEUTRO
1990-09-01,1990,9,20.079112858300302,-0.5218711278307562,18.15824236332161,-0.7208014742837996,30,-0.6006270952352821,-0.6041469250296316,-0.6200737259168202,NEUTRO
1990-10-01,1990,10,20.205525503411568,-0.7735916291111352,18.08078918498263,-1.3070940720604851,31,-0.7848563412203937,-0.7554205831977789,-0.6041469250296316,DEBIL
1990-11-01,1990,11,20.84317813600338,-0.8690091808523703,18.55284134695929,-1.6214315072318095,30,-0.880778313137661,-0.8038592443993219,-0.7554205831977789,DEBIL
1990-12-01,1990,12,22.13120201659828,-0.756366761152691,19.776681726554944,-1.5568098076621693,31,-0.7459430788399111,-0.8137693561697255,-0.8038592443993219,DEBIL
1991-01-01,1991,1,23.692421681035466,-0.7708709038934112,20.822661330854583,-1.9601038699949744,31,-0.8145866765316043,-0.6490597298029428,-0.8137693561697255,NEUTRO
1991-02-01,1991,2,25.666745261589327,-0.1678921333894899,23.33934165809061,-0.8534993298710001,28,-0.386649434037313,-0.4736148627071148,-0.6490597298029428,NEUTRO
1991-03-01,1991,3,26.275831926907063,0.0695864064888266,22.771192397278416,-1.291337880122569,31,-0.21960847755242696,-0.3939256004310157,-0.4736148627071148,NEUTRO
1991-04-01,1991,4,24.99070305398084,-0.3802440996995154,21.01317808678172,-1.760405428044899,30,-0.5755188897033072,-0.26155594489551603,-0.3939256004310157,NEUTRO
1991-05-01,1991,5,24.507919204634444,0.2525636505006564,20.63461681051022,-1.0527981128302684,31,0.01045953256918608,-0.2186246844127441,-0.26155594489551603,NEUTRO
1991-06-01,1991,6,23.04100001173228,0.0279827494109706,19.5715567655107,-1.180036689562741,30,-0.09081469610411119,0.06323307970120358,-0.2186246844127441,NEUTRO
1991-07-01,1991,7,22.122630109735347,0.2795949131693461,19.055231491739587,-0.9077282086479064,31,0.27005440263853586,0.12335778996921339,0.06323307970120358,NEUTRO
1991-08-01,1991,8,21.112981982560804,0.2115715780029276,19.37591605012998,0.2519788260853117,31,0.1908336633732155,0.21456220018607652,0.12335778996921339,NEUTRO
1991-09-01,1991,9,20.862538488082063,0.2615705862136075,18.718240855531363,-0.1613219969844196,30,0.1827985345464782,0.206539014771284,0.21456220018607652,NEUTRO
1991-10-01,1991,10,21.23636669102612,0.2572438922808606,19.621578964434534,0.2338606455936316,31,0.2459848463941583,0.2548872866775144,0.206539014771284,NEUTRO
1991-11-01,1991,11,22.05983492823295,0.3476499585229481,21.132830010610377,0.9587553470709782,30,0.3358784790919067,0.31050494311752175,0.2548872866775144,NEUTRO
1991-12-01,1991,12,23.22679659930469,0.3392266627965735,21.80697420543778,0.4733571301185156,31,0.34965150386650024,0.27481683885607683,0.31050494311752175,NEUTRO
1992-01-01,1992,1,24.645928891176894,0.1826016884595392,22.765007971292547,-0.0179486486632547,31,0.1389205336098236,0.23897824728630113,0.27481683885607683,NEUTRO
1992-02-01,1992,2,26.28175740000922,0.4355635241439569,24.826142367750624,0.6282354232500104,29,0.22836270438257955,0.4265245133638989,0.23897824728630113,NEUTRO
1992-03-01,1992,3,27.407730706558784,1.2014887645965004,26.34108696004626,2.2783786120763727,31,0.9122903020992936,0.9243006705359088,0.4265245133638989,DEBIL
1992-04-01,1992,4,27.19847094881,1.827496933044578,25.586663483553924,2.8129008767521086,30,1.6322490051258534,1.376103467876766,0.9243006705359088,MODERADA
1992-05-01,1992,5,26.08123076847041,1.8259231200984096,23.55464831738175,1.867405952258713,31,1.583771096405151,1.2348929041415804,1.376103467876766,DEBIL
1992-06-01,1992,6,23.620473318730127,0.6074606706445997,20.365532585022624,-0.3859468364326799,30,0.4886586108937365,0.5555678329814681,1.2348929041415804,DEBIL
1992-07-01,1992,7,21.446849498742328,-0.3962048797637438,18.90009641210772,-1.063177708483077,31,-0.4057262083544835,-0.04091779846611606,0.5555678329814681,NEUTRO
1992-08-01,1992,8,20.716462521249987,-0.18499790355106,18.52841963045629,-0.5958662768389366,31,-0.20568579793760122,-0.28807616499874084,-0.04091779846611606,NEUTRO
1992-09-01,1992,9,20.426923464831447,-0.1740957857658487,18.158839113195967,-0.7205442564360307,30,-0.25281648870413775,-0.12147110087868403,-0.28807616499874084,NEUTRO
1992-10-01,1992,10,21.08447082863765,0.1053739125881639,18.977158923254017,-0.410033992833943,31,0.09408898400568688,-0.1369092680875319,-0.12147110087868403,NEUTRO
1992-11-01,1992,11,21.471956149576897,-0.2402446214408061,18.95567007315575,-1.2185120902440392,30,-0.2520002995641448,-0.20936786639903934,-0.1369092680875319,NEUTRO
1992-12-01,1992,12,22.40695281179953,-0.4806375475541276,19.503289522749267,-1.8302330319554263,31,-0.47019228363866006,-0.3374007184537149,-0.20936786639903934,NEUTRO
1993-01-01,1993,1,24.21699878540873,-0.2463438190954908,21.78486043482725,-0.998073973594756,31,-0.2900095721583398,-0.23318269803657188,-0.3374007184537149,NEUTRO
1993-02-01,1993,2,26.114048457313924,0.279449520051252,24.142763683794847,-0.0501457530574635,28,0.0606537616872842,0.023807864143752983,-0.23318269803657188,NEUTRO
1993-03-01,1993,3,26.796219807361805,0.5900197149016454,24.02176060181908,-0.0406698047438648,31,0.30077940290231453,0.3224296042230286,0.023807864143752983,NEUTRO
1993-04-01,1993,4,26.172077591763635,0.8010861073268765,22.689360361869667,-0.0843535488914949,30,0.605855648079487,0.5076660381025148,0.3224296042230286,DEBIL
1993-05-01,1993,5,25.113822735391,0.8585086574191378,21.80787736639304,0.1203320381108847,31,0.6163630633257426,0.5491701347618267,0.5076660381025148,DEBIL
1993-06-01,1993,6,23.55710640071664,0.5441396009921358,20.82529295806109,0.073878483274697,30,0.4252916928802506,0.43065834639824746,0.5491701347618267,NEUTRO
1993-07-01,1993,7,22.10289599008556,0.2598550772066244,19.97978728808522,0.0169768535281751,31,0.2503202829887492,0.2833833005195506,0.43065834639824746,NEUTRO
1993-08-01,1993,8,21.09668624487724,0.1952285964184183,18.461186993012284,-0.6630259026475499,31,0.17453792568965198,0.24030094626396922,0.2833833005195506,NEUTRO
1993-09-01,1993,9,20.97578458364909,0.3747908811216602,18.431656838108005,-0.4476521472050035,30,0.29604463011350646,0.25728156682681674,0.24030094626396922,NEUTRO
1993-10-01,1993,10,21.291643989309254,0.3125459625893071,18.91136063208297,-0.4760704500132406,31,0.30126214467729184,0.20322295831095616,0.25728156682681674,NEUTRO
1993-11-01,1993,11,21.736318549283112,0.0241166775017703,19.398921259842528,-0.7751443011112974,30,0.012362100142070176,-0.0366124528137064,0.20322295831095616,NEUTRO
1993-12-01,1993,12,22.45368349217771,-0.4339175918580572,19.79928733942575,-1.5345456363253158,31,-0.4234616032604812,-0.2141724076988325,-0.0366124528137064,NEUTRO
1994-01-01,1994,1,24.275590637588984,-0.1877240966335403,21.9498116072828,-0.8328357805651784,31,-0.23141771997808647,-0.3292168169233302,-0.2141724076988325,NEUTRO
1994-02-01,1994,2,25.720623568095217,-0.1140116004621136,22.6082590407582,-1.5848705813369075,28,-0.3327711275314229,-0.5838806888961253,-0.3292168169233302,NEUTRO
1994-03-01,1994,3,25.307987185280624,-0.898246020921211,21.536223877128613,-2.526644112862693,31,-1.1874532191788667,-0.951136902592116,-0.5838806888961253,DEBIL
1994-04-01,1994,4,24.23303558261809,-1.1379624574014808,20.682753950968905,-2.091058412911153,30,-1.3331863610660584,-1.2482480339460267,-0.951136902592116,MODERADA
1994-05-01,1994,5,23.273355150472103,-0.9819696368207768,19.11554245321257,-2.571949913261529,31,-1.224104521593155,-1.1214038102744734,-1.2482480339460267,MODERADA
1994-06-01,1994,6,22.324894159672183,-0.6880922198435618,19.33694264812644,-1.4144597084938852,30,-0.8069205481642072,-0.8768015677927075,-1.1214038102744734,DEBIL
1994-07-01,1994,7,21.25319607347605,-0.5898746324869582,18.80217229881269,-1.1606882873340216,31,-0.5993796336207602,-0.7955768068866208,-0.8768015677927075,DEBIL
1994-08-01,1994,8,19.941718080312693,-0.9597564913445836,18.078802468668773,-1.0453771367117202,31,-0.9804302388748951,-0.7044478497082108,-0.7955768068866208,DEBIL
1994-09-01,1994,9,20.146206276906607,-0.4547706312103427,18.10722968671469,-0.7720197129614119,30,-0.5335336766289771,-0.2702036366560551,-0.7044478497082108,NEUTRO
1994-10-01,1994,10,21.69373485016767,0.7146347643996106,19.90029323548009,0.5128458865428369,31,0.7033530055357069,0.2674049972148988,-0.2702036366560551,NEUTRO
1994-11-01,1994,11,22.35635211187901,0.6441251965156504,20.08065460434467,-0.0934560786284693,30,0.6323956627379665,0.6685460409227287,0.2674049972148988,DEBIL
1994-12-01,1994,12,23.547034549932704,0.6594336923054117,21.748914553148264,0.4151133544820282,31,0.6698894544945126,0.619905759428813,0.6685460409227287,DEBIL
1995-01-01,1995,1,25.06444051862103,0.601148443946005,22.94141137814191,0.1584638373532066,31,0.5574321610539599,0.4374479995163926,0.619905759428813,NEUTRO
1995-02-01,1995,2,26.138417078627345,0.3038216181610927,24.007567012899983,-0.1854933226431803,28,0.0850223830007053,0.09643557390635848,0.4374479995163926,NEUTRO
1995-03-01,1995,3,26.1422925821239,-0.0639771907156768,22.641378358075865,-1.421385167451186,31,-0.3531478223355897,-0.47314030030726784,0.09643557390635848,NEUTRO
1995-04-01,1995,4,24.41492648209723,-0.95609210597145,20.783416931926062,-1.9902446529290223,30,-1.151295461586919,-0.9412601185779673,-0.47314030030726784,DEBIL
1995-05-01,1995,5,23.178122600253865,-1.0771577161409458,19.26744578170008,-2.4198000961959374,31,-1.3193370718113933,-1.081766346137524,-0.9412601185779673,DEBIL
1995-06-01,1995,6,22.35714820282213,-0.6558581809172441,19.19203836488524,-1.5593583514826612,30,-0.7746665050142596,-0.864617119682953,-1.081766346137524,DEBIL
1995-07-01,1995,7,21.352727924873605,-0.4903378188034962,18.67675036073477,-1.2863721701911497,31,-0.49984778222320614,-0.6714665461318864,-0.864617119682953,NEUTRO
1995-08-01,1995,8,20.182262968029395,-0.7192001957130928,18.31742540761677,-0.8069541015677778,31,-0.7398853511581933,-0.5309111698884775,-0.6714665461318864,NEUTRO
1995-09-01,1995,9,20.32673957725155,-0.2742473240054821,18.811497626626466,-0.0677194951694867,30,-0.353000376284033,-0.6397300045383597,-0.5309111698884775,NEUTRO
1995-10-01,1995,10,20.16407755845911,-0.8150071822911439,18.69580331713856,-0.6915577256686429,31,-0.8263042861728529,-0.4320261386264524,-0.6397300045383597,NEUTRO
1995-11-01,1995,11,21.60718269571857,-0.1050092056971936,19.22758200703636,-0.946645278382756,30,-0.11677375342247132,-0.6153169453009681,-0.4320261386264524,NEUTRO
1995-12-01,1995,12,21.97427229913061,-0.9133082966081868,19.63560173801199,-1.697917844346328,31,-0.9028727963075802,-0.5813165789363074,-0.6153169453009681,NEUTRO
1996-01-01,1996,1,23.7827051704882,-0.6806373178062987,20.77710752868315,-2.0056745334767268,31,-0.7243031870788705,-0.7183814770284691,-0.5813165789363074,DEBIL
1996-02-01,1996,2,25.525426247927683,-0.3206817069707294,22.654175943524304,-1.5438693017371363,29,-0.5279684476989566,-0.5710532785962243,-0.7183814770284691,NEUTRO
1996-03-01,1996,3,26.034552203448644,-0.171685096138113,22.36467652765093,-1.6977924653721652,31,-0.46088820101084593,-0.9151864652090277,-0.5710532785962243,DEBIL
1996-04-01,1996,4,23.809519196766868,-1.5614728756640792,19.507406544926567,-3.266388842352153,30,-1.7567027469172807,-1.198931575531405,-0.9151864652090277,MODERADA
1996-05-01,1996,5,23.11825589339917,-1.1370667834195272,19.423486832505585,-2.263789903750021,31,-1.3792037786660885,-1.4908423156336437,-1.198931575531405,FUERTE
1996-06-01,1996,6,21.79519428651883,-1.217820228379137,18.55607365834591,-2.195218517898029,30,-1.336620421317562,-1.3638172011380523,-1.4908423156336437,FUERTE
1996-07-01,1996,7,20.476948303666305,-1.3660954510063452,17.74474808013446,-2.2183873669875003,31,-1.3756274034305065,-1.2948734643926112,-1.3638172011380523,MODERADA
1996-08-01,1996,8,19.749775750757824,-1.151699385250912,17.802724020341664,-1.32107042299191,31,-1.1723725684297648,-1.2224585327151267,-1.2948734643926112,MODERADA
1996-09-01,1996,9,19.560364327250475,-1.040591110108117,17.8528942313062,-1.026071871335232,30,-1.119375626285109,-1.0043256190396785,-1.2224585327151267,DEBIL
1996-10-01,1996,10,20.2691531822278,-0.7099513402112522,17.905879138992326,-1.4816343041196725,31,-0.7212286624041617,-1.0541730066403947,-1.0043256190396785,DEBIL
1996-11-01,1996,11,20.40204171790913,-1.3101496783285498,18.69266968224717,-1.4814920980622106,30,-1.3219147312319137,-1.0808855476242698,-1.0541730066403947,DEBIL
1996-12-01,1996,12,21.677631846201457,-1.2099653127529115,19.46096287809597,-1.872488286253169,31,-1.199513249236734,-1.1580607784158328,-1.0808855476242698,MODERADA
1997-01-01,1997,1,23.55425400278822,-0.9090903328391532,20.705981711963425,-2.0767150168342896,31,-0.9527543547788504,-0.875067339411069,-1.1580607784158328,DEBIL
1997-02-01,1997,2,25.580460281409017,-0.2542048909696758,23.08108519014912,-1.1117684225642008,28,-0.4729344142176224,-0.374371386211281,-0.875067339411069,NEUTRO
1997-03-01,1997,3,26.79801501482212,0.5917554791183935,24.44781229902886,0.3851844746242685,31,0.30257461036262967,0.25419604620085917,-0.374371386211281,NEUTRO
1997-04-01,1997,4,26.49916988614172,1.1281930056301124,23.284799631429056,0.5111854023566204,30,0.9329479424575702,1.060469257127874,0.25419604620085917,DEBIL
1997-05-01,1997,5,26.44334489062868,2.1880266090729847,24.23041099443902,2.542696458584407,31,1.9458852185634221,1.912458910010174,1.060469257127874,MODERADA
1997-06-01,1997,6,25.99035827684592,2.977381194815158,23.94237141899816,3.1908159937454634,30,2.85854356900953,2.804422454900054,1.912458910010174,FUERTE
1997-07-01,1997,7,25.46141428422402,3.618380695892814,23.50615000081065,3.5431032376958376,31,3.6088385771272087,3.3922475496884537,2.804422454900054,FUERTE
1997-08-01,1997,8,24.63150882211621,3.7299956668490855,22.392941163754674,3.2683056544836497,31,3.7093605029286216,3.6416733040470626,3.3922475496884537,EXTRAORDINARIA
1997-09-01,1997,9,24.286560785620942,3.685568822921285,21.847443122801145,2.96796012732451,30,3.606820832085358,3.6181394065729555,3.6416733040470626,EXTRAORDINARIA
1997-10-01,1997,10,24.52861872933685,3.549507674445725,22.37727576348771,2.989856138435681,31,3.5382368847048866,3.628438880403941,3.6181394065729555,EXTRAORDINARIA
1997-11-01,1997,11,25.46421537356262,3.75201252386137,24.58232048919417,4.408032948009159,30,3.7402589244215783,3.682843530381492,3.628438880403941,EXTRAORDINARIA
1997-12-01,1997,12,26.647179877456203,3.7596023913276113,25.821951804754683,4.488272364204304,31,3.770034782018012,3.4770945799008963,3.682843530381492,FUERTE
1998-01-01,1998,1,27.42799839083017,2.96464696908516,26.854617675192795,4.071885602494611,31,2.9209900332630987,2.8921863873665004,3.4770945799008963,FUERTE
1998-02-01,1998,2,28.03892904244503,2.204276519482778,27.89274860589236,3.700073415025249,28,1.9855343468183904,2.321578622262411,2.8921863873665004,FUERTE
1998-03-01,1998,3,28.553651891165234,2.3473751310531026,28.37093801847178,4.308323218348567,31,2.058211486705744,2.1936510542796945,2.321578622262411,FUERTE
1998-04-01,1998,4,28.103429272999097,2.732405152126231,26.27785352096946,3.503887753392528,30,2.537207329314949,2.5306163922533287,2.1936510542796945,FUERTE
1998-05-01,1998,5,27.49389003280455,3.238592511369514,25.89747220856144,4.209929960710984,31,2.996430360739293,2.491489882243761,2.5306163922533287,FUERTE
1998-06-01,1998,6,25.07264666451343,2.059656594161189,21.66634042553192,0.915023622047244,30,1.940831956677041,2.168930605463989,2.491489882243761,FUERTE
1998-07-01,1998,7,23.422105206072445,1.579070771547975,20.11911402461103,0.1558728160009512,31,1.5695294989756334,1.5051735941442554,2.168930605463989,MODERADA
1998-08-01,1998,8,21.92730764596768,1.0258796990944614,18.611450072687383,-0.5128688006312184,31,1.0051593267800918,0.9970136152286221,1.5051735941442554,DEBIL
1998-09-01,1998,9,21.096091973465725,0.4950690554964346,18.50154353046296,-0.3777035237616575,30,0.4163520199301409,0.723576299779174,0.9970136152286221,DEBIL
1998-10-01,1998,10,21.73959939725925,0.7604797094598257,18.79988045763326,-0.5877803057733778,31,0.7492175526272895,0.3075066365932931,0.723576299779174,NEUTRO
1998-11-01,1998,11,21.48090678636349,-0.2312686367231336,18.56478717819848,-1.609592170659519,30,-0.24304966277755113,0.2341818292733914,0.3075066365932931,NEUTRO
1998-12-01,1998,12,23.073522693408627,0.1859234213084966,19.97971762709483,-1.354000075659726,31,0.19637759797043586,-0.26874182510745587,0.2341818292733914,NEUTRO
1999-01-01,1999,1,23.747454947051818,-0.7158396889107546,20.814557849966768,-1.968052788871536,31,-0.7595534105152524,-0.33377594274181516,-0.26874182510745587,NEUTRO
1999-02-01,1999,2,25.61524267994601,-0.219411443141143,23.48025429002226,-0.7127563841753825,28,-0.4381520156806289,-0.38787411055332655,-0.33377594274181516,NEUTRO
1999-03-01,1999,3,26.529523498995392,0.3232903342016111,23.25043093618103,-0.8120603224185176,31,0.03408309453590164,-0.6704767858233218,-0.38787411055332655,NEUTRO
1999-04-01,1999,4,23.95886050735891,-1.412146589978976,19.52576701848439,-3.2483676774445747,30,-1.6073614363252382,-0.815546112052008,-0.6704767858233218,DEBIL
1999-05-01,1999,5,23.62409967769857,-0.6311973708833918,19.578392284869675,-2.1086510951745314,31,-0.8733599943666874,-1.1278285296581896,-0.815546112052008,MODERADA
1999-06-01,1999,6,22.229050549553747,-0.783966790752758,18.410080247947736,-2.3412910035181778,30,-0.9027641582826433,-0.8715212440957979,-1.1278285296581896,DEBIL
1999-07-01,1999,7,21.014136127458748,-0.8289204884171704,18.23166213609024,-1.7313491750387768,31,-0.838439579638063,-0.8598812244520685,-0.8715212440957979,DEBIL
1999-08-01,1999,8,20.08370838375209,-0.8177270659906561,18.12100130242814,-1.003315787482639,31,-0.838439935435499,-0.8684810402476527,-0.8598812244520685,DEBIL
1999-09-01,1999,9,19.75117634786619,-0.8498284651282181,17.929365052772663,-0.950055062266153,30,-0.928563605669396,-0.8362037005862094,-0.8684810402476527,DEBIL
1999-10-01,1999,10,20.24877428397823,-0.7303272984901151,17.981057236582565,-1.4066801593177654,31,-0.7416075606537333,-0.902289108867226,-0.8362037005862094,DEBIL
1999-11-01,1999,11,20.687260288862493,-1.024953197183702,18.120976042888262,-2.0531671413413752,30,-1.0366961602785487,-0.8198843402163002,-0.902289108867226,DEBIL
1999-12-01,1999,12,22.195795795721573,-0.6917757390032592,19.82167078291604,-1.5119636400974934,31,-0.6813492997166186,-0.7843261259529797,-0.8198843402163002,DEBIL
2000-01-01,2000,1,23.8720754397033,-0.591257786547971,20.949931798161472,-1.8330217954052936,31,-0.6349329178637717,-0.5807274759908422,-0.7843261259529797,NEUTRO
2000-02-01,2000,2,25.627494485234504,-0.2186481910184246,22.927595681134136,-1.2701075672584214,29,-0.4259002103921361,-0.6076652744301766,-0.5807274759908422,NEUTRO
2000-03-01,2000,3,25.73327770942487,-0.4729503434796829,21.899960170558643,-2.162682245364492,31,-0.7621626950346219,-0.3213750670355952,-0.6076652744301766,NEUTRO
2000-04-01,2000,4,25.79015964800412,0.4191369253426849,21.84406600770648,-0.929797621042051,30,0.2239377043199724,-0.40080075095824225,-0.3213750670355952,NEUTRO
2000-05-01,2000,5,23.83328240990518,-0.4220038619007173,19.87612589778372,-1.8110689097973944,31,-0.6641772621600772,-0.32300276390369476,-0.40080075095824225,NEUTRO
2000-06-01,2000,6,22.60304597396541,-0.4099722214170654,18.90373714189982,-1.8476560562908355,30,-0.5287687338709794,-0.7498115724646723,-0.32300276390369476,DEBIL
2000-07-01,2000,7,20.79608698573385,-1.0469641863206802,18.24375531644681,-1.719110079496755,31,-1.0564887213629603,-0.861475656086025,-0.7498115724646723,DEBIL
2000-08-01,2000,8,19.922978806163453,-0.9785063292187552,17.858003718135098,-1.2663511475959122,31,-0.9991695130241354,-0.8858506584363409,-0.861475656086025,DEBIL
2000-09-01,2000,9,20.077846212613657,-0.5231300219324576,18.03524219578936,-0.8441184453007203,30,-0.6018937409219269,-0.7198844689312587,-0.8858506584363409,DEBIL
2000-10-01,2000,10,20.431791691784248,-0.5472724998928065,18.60988202487044,-0.7775497597803713,31,-0.5585901528477137,-0.7402774509384867,-0.7198844689312587,DEBIL
2000-11-01,2000,11,20.663607990095223,-1.048610241312248,18.11353280839896,-2.06090796895069,30,-1.0603484590458194,-0.690807515592212,-0.7402774509384867,NEUTRO
2000-12-01,2000,12,22.42366116055509,-0.4639300650279865,19.803510611276543,-1.5302987478315384,31,-0.4534839348831028,-0.6475986057873845,-0.690807515592212,NEUTRO
2001-01-01,2001,1,24.07804493413384,-0.3852778011903877,20.911902355719604,-1.8710699906506207,31,-0.42896342343323113,-0.4524994841339674,-0.6475986057873845,NEUTRO
2001-02-01,2001,2,25.57834360154107,-0.2563169752847248,23.05150641409185,-1.14153303975301,28,-0.47505109408556834,-0.18890650275353948,-0.4524994841339674,NEUTRO
2001-03-01,2001,3,26.83273541371767,0.6265072299103888,25.109344138262752,1.0466919946605853,31,0.337295009258181,0.13326848387109771,-0.18890650275353948,NEUTRO
2001-04-01,2001,4,26.10378348012483,0.7328158211835248,21.76392790528844,-1.0102370022896077,30,0.5375615364406805,0.15420364416365473,0.13326848387109771,NEUTRO
2001-05-01,2001,5,24.08521405885736,-0.1701133090913754,19.794680472765204,-1.892895713876535,31,-0.4122456132078973,-0.20058573808169555,0.15420364416365473,NEUTRO
2001-06-01,2001,6,22.40474157035852,-0.6082572591742955,19.12770743284749,-1.6239237169821858,30,-0.7270731374778698,-0.5604642277269924,-0.20058573808169555,NEUTRO
2001-07-01,2001,7,21.3105017746016,-0.5325554510410714,18.69094055847687,-1.272423759315604,31,-0.5420739324952102,-0.6055215957302084,-0.5604642277269924,NEUTRO
2001-08-01,2001,8,20.374730601970043,-0.5266869474781766,17.894349947848838,-1.2298262528439958,31,-0.5474177172175452,-0.6181846618452068,-0.6055215957302084,NEUTRO
2001-09-01,2001,9,19.91467761771272,-0.6863439482841212,17.742810353493045,-1.136310884011839,30,-0.765062335822865,-0.7960862227219702,-0.6181846618452068,DEBIL
2001-10-01,2001,10,19.91460322950646,-1.064485514466165,17.53775404104,-1.8496169456168696,31,-1.0757786151255004,-0.8798840013474157,-0.7960862227219702,DEBIL
2001-11-01,2001,11,20.92514539604716,-0.7870789989468548,18.85797420003352,-1.3164636175797175,30,-0.7988110530938819,-0.8332542691062402,-0.8798840013474157,DEBIL
2001-12-01,2001,12,22.251971956338853,-0.6355724668064457,19.87073692572917,-1.462660574257319,31,-0.6251731390993385,-0.6690300778204398,-0.8332542691062402,NEUTRO
2002-01-01,2002,1,23.92390231629897,-0.539412882094351,21.167312728668016,-1.6157410599927584,31,-0.5831060412680991,-0.41206423129244857,-0.6690300778204398,NEUTRO
2002-02-01,2002,2,26.02548118211673,0.1908382103623025,24.28618660699328,0.0933297034679176,28,-0.027913513509908228,0.05192159995265536,-0.41206423129244857,NEUTRO
2002-03-01,2002,3,27.262224759095464,1.0560152997360976,25.772147655359145,1.7098880236058345,31,0.7667843546359734,0.49341283987373785,0.05192159995265536,NEUTRO
2002-04-01,2002,4,26.307589622179297,0.9366151391931246,22.794702239347743,0.0206755458759144,30,0.7413676784951484,0.7400528991997248,0.49341283987373785,DEBIL
2002-05-01,2002,5,25.20946633653331,0.9541650322735572,21.732982128091923,0.0457299272045352,31,0.7120066644680527,0.49253397919313713,0.7400528991997248,NEUTRO
2002-06-01,2002,6,23.1560423024526,0.1430157329844011,19.317461216284144,-1.4337025185681584,30,0.02422759461621027,0.24289705071194354,0.49253397919313713,NEUTRO
2002-07-01,2002,7,21.84503260014838,0.0020115945180564,19.4347008468485,-0.528565437556407,31,-0.00754310694843241,-0.03476035922471491,0.24289705071194354,NEUTRO
2002-08-01,2002,8,20.801182753845666,-0.1002564954186013,18.64184150368301,-0.4825076335259055,31,-0.1209655653419226,0.05636917582588671,-0.03476035922471491,NEUTRO
2002-09-01,2002,9,20.9773561533036,0.3763961603705739,19.28067951080584,0.4016424861785894,30,0.2976161997680151,0.33231527174610304,0.05636917582588671,NEUTRO
2002-10-01,2002,10,21.81067702544418,0.8315739469434804,20.484245645512573,1.0967762471695162,31,0.8202951808122165,0.7830886453925565,0.33231527174610304,DEBIL
2002-11-01,2002,11,22.95531100473848,1.2430537724793893,21.204203551683705,1.0298593845982018,30,1.231354555597438,1.0099378770325274,0.7830886453925565,DEBIL
2002-12-01,2002,12,23.85530899012612,0.9677459634174678,22.26658477402061,0.9330393592702084,31,0.9781638946879276,0.7392481834592969,1.0099378770325274,DEBIL
2003-01-01,2003,1,24.515234457659595,0.0519221705185716,22.136186533649667,-0.6464569631266923,31,0.008226100092525002,0.33245035910677717,0.7392481834592969,NEUTRO
2003-02-01,2003,2,26.06435577816652,0.2296902486434434,23.295933393964056,-0.8971503960941055,28,0.01096108253987893,0.043582969650144555,0.33245035910677717,NEUTRO
2003-03-01,2003,3,26.60700213077752,0.4007827541929318,23.287802247093865,-0.7745671993471647,31,0.11156172631802974,-0.2410095367702129,0.043582969650144555,NEUTRO
2003-04-01,2003,4,24.7206705245156,-0.6503159819847435,19.9855698330262,-2.788314737253589,30,-0.8455514191685474,-0.8444133830208417,-0.2410095367702129,DEBIL
2003-05-01,2003,5,22.69820921585325,-1.5571036813215935,19.38779965304612,-2.299344786774681,31,-1.7992504562120075,-1.2048326688221518,-0.8444133830208417,MODERADA
2003-06-01,2003,6,22.16211857675049,-0.8508786965301446,18.68182565477188,-2.069767744457476,30,-0.9696961310859002,-1.080786027867756,-1.2048326688221518,DEBIL
2003-07-01,2003,7,21.37916421079145,-0.4638900835627584,18.14982911710505,-1.8134508400931697,31,-0.47341149630535995,-0.41231724956621224,-1.080786027867756,NEUTRO
2003-08-01,2003,8,21.12830419788021,0.2268349084194434,19.903852268981137,0.7793452731586318,31,0.20615587869262342,-0.17021008152792186,-0.41231724956621224,NEUTRO
2003-09-01,2003,9,20.436365326564555,-0.1646002716367353,18.267762439269564,-0.6115541408387785,30,-0.24337462697102907,0.10171102210290428,-0.17021008152792186,NEUTRO
2003-10-01,2003,10,21.33273365921908,0.3536147100856223,19.47100595009701,0.0831254492296219,31,0.3423518145871185,0.2078140530432139,0.10171102210290428,NEUTRO
2003-11-01,2003,11,22.248421420654594,0.5361844914471695,20.40268989780533,0.2287537275925616,30,0.5244649715135523,0.45475046702355,0.2078140530432139,NEUTRO
2003-12-01,2003,12,23.37457971040817,0.486992313065078,21.072144791098097,-0.2613901393760234,31,0.4974346149699791,0.4259765664630173,0.45475046702355,NEUTRO
2004-01-01,2004,1,24.76303847047259,0.29970777812611,21.778439896454262,-1.0042575348980487,31,0.25603011290552047,0.28151181220588367,0.4259765664630173,NEUTRO
2004-02-01,2004,2,26.14446540436879,0.2983082010334603,22.999763837297312,-1.1980845286855657,29,0.0910707087421514,-0.188812554943843,0.28151181220588367,NEUTRO
2004-03-01,2004,3,25.58190191798029,-0.6243516442798336,21.716826020460555,-2.345700041612849,31,-0.9135384864792009,-0.30524707468332224,-0.188812554943843,NEUTRO
2004-04-01,2004,4,25.47294849737123,0.1019693670229139,21.0770582453789,-1.696503099346624,30,-0.09327344631291723,-0.6858675779972524,-0.30524707468332224,NEUTRO
2004-05-01,2004,5,23.44666887086562,-0.8086507778232971,19.770514324007376,-1.9169845816287387,31,-1.0507908011996392,-0.7064921101644602,-0.6858675779972524,DEBIL
2004-06-01,2004,6,22.156402624855566,-0.8566401254939631,18.57532445412409,-2.176297984028593,30,-0.9754120829808244,-0.9315287545864983,-0.7064921101644602,DEBIL
2004-07-01,2004,7,21.08419232751778,-0.7588249153239018,18.2582294002886,-1.7048546522624963,31,-0.7683833795790314,-0.7896613237738386,-0.9315287545864983,DEBIL
2004-08-01,2004,8,20.29695981042593,-0.6044955492368982,18.15494441712288,-0.9694181767086942,31,-0.62518850876166,-0.563235585748392,-0.7896613237738386,NEUTRO
2004-09-01,2004,9,20.3836050846311,-0.2174025862080862,18.93908253755515,0.0600557882392361,30,-0.2961348689044847,-0.19260079769127122,-0.563235585748392,NEUTRO
2004-10-01,2004,10,21.333902829224293,0.3548326080025182,20.10153475753761,0.7140376353093132,31,0.34352098459233105,0.31891625413870867,-0.19260079769127122,NEUTRO
2004-11-01,2004,11,22.63331909586932,0.9211319480964022,20.574954654604348,0.4009136650471883,30,0.9093626467282796,0.4528812306125853,0.31891625413870867,NEUTRO
2004-12-01,2004,12,22.982905155955336,0.0953344720989294,19.72378266203341,-1.6100008106399195,31,0.10576006051714515,0.36836709523641176,0.4528812306125853,NEUTRO
2005-01-01,2005,1,24.59698693603088,0.1303783632844798,21.920781564967385,-0.8658632504499052,31,0.08997857846381052,-0.15171569381776115,0.36836709523641176,NEUTRO
2005-02-01,2005,2,25.4025089751924,-0.4458938945621189,22.23151353421248,-1.9699632625709027,28,-0.6508857204342391,-0.6626437993030786,-0.15171569381776115,NEUTRO
2005-03-01,2005,3,25.068416148520683,-1.136938674961454,21.39521760277564,-2.667920816692698,31,-1.4270242559388073,-0.889359914849288,-0.6626437993030786,DEBIL
2005-04-01,2005,4,24.97605217550933,-0.3949398679359603,21.83020025688279,-0.9436888926118284,30,-0.5901697681748175,-0.6756666848852504,-0.889359914849288,NEUTRO
2005-05-01,2005,5,24.48765364152313,0.2323292375885081,21.029288312193646,-0.6582131334475437,31,-0.009806030542126365,-0.43508143287749473,-0.6756666848852504,NEUTRO
2005-06-01,2005,6,22.42654620792085,-0.5864127222058889,18.51755067850561,-2.2338730663986155,30,-0.7052684999155403,-0.38024803955395,-0.43508143287749473,NEUTRO
2005-07-01,2005,7,21.426906118892628,-0.4161588360280386,18.68634033906366,-1.2768694707602184,31,-0.4256695882041832,-0.5662395205994445,-0.38024803955395,NEUTRO
2005-08-01,2005,8,20.35436784550898,-0.5470780777960892,18.19308707894012,-0.9308986213717112,31,-0.5677804736786101,-0.5581160147893662,-0.5662395205994445,NEUTRO
2005-09-01,2005,9,19.99884197105028,-0.6021497190464556,17.968039090858326,-0.9112184062098624,30,-0.6808979824853054,-0.7854498157960647,-0.5581160147893662,DEBIL
2005-10-01,2005,10,19.882710853407684,-1.0963891027933206,17.52085019914721,-1.866325261161161,31,-1.1076709912242784,-1.0178387139762617,-0.7854498157960647,DEBIL
2005-11-01,2005,11,20.45900928092184,-1.2532077241175612,18.807459261741226,-1.366999609091417,30,-1.2649471682192015,-1.011618810105297,-1.0178387139762617,DEBIL
2005-12-01,2005,12,22.21490682456578,-0.6726698828245986,20.37737741773356,-0.9565709931419868,31,-0.662238270872411,-0.6743869045018561,-1.011618810105297,NEUTRO
2006-01-01,2006,1,24.411033083153114,-0.0556045239751878,22.15041293997482,-0.6361522165597525,31,-0.0959752744139557,-0.05104690219674642,-0.6743869045018561,NEUTRO
2006-02-01,2006,2,26.658467534322767,0.8100775520809611,25.03474947945338,0.8332766316444488,28,0.6050728386961275,0.06733184801543739,-0.05104690219674642,NEUTRO
2006-03-01,2006,3,26.18833838422363,-0.0170054814893372,22.649230378460768,-1.4136484741054594,31,-0.30710202023585964,-0.3441196814117677,0.06733184801543739,NEUTRO
2006-04-01,2006,4,24.235892080988577,-1.1351009113909405,19.51498821689842,-3.258662534204501,30,-1.3303298626955709,-0.7125476885852144,-0.3441196814117677,DEBIL
2006-05-01,2006,5,23.997248489241045,-0.2581088020266969,20.753762774334064,-0.9335659509616896,31,-0.5002111828242128,-0.7062723757491026,-0.7125476885852144,DEBIL
2006-06-01,2006,6,22.843538626108867,-0.1694696796536078,19.51960440051377,-1.2319468364326804,30,-0.28827608172752406,-0.19432361256443306,-0.7062723757491026,NEUTRO
2006-07-01,2006,7,22.05809213395525,0.2150514828819835,19.19636487443188,-0.7670238706434862,31,0.20551642685843774,0.2258714884756922,-0.19432361256443306,NEUTRO
2006-08-01,2006,8,21.68252243948375,0.7811030894537866,19.44194569793396,0.3181181804916802,31,0.7603741202961629,0.7067500714864856,0.2258714884756922,DEBIL
2006-09-01,2006,9,21.83409962084044,1.233128003980691,19.43621220751661,0.5569672195230917,30,1.1543596673048562,1.1794381032022763,0.7067500714864856,DEBIL
2006-10-01,2006,10,22.61396236663777,1.6348612049285187,20.73960565070067,1.352115662103665,31,1.6235805220058097,1.3225828454323718,1.1794381032022763,MODERADA
2006-11-01,2006,11,22.91376479612749,1.2015631796957067,20.51893661696544,0.344529457753951,30,1.1898083469864495,1.3047141419252892,1.3225828454323718,MODERADA
2006-12-01,2006,12,23.9778986522218,1.09030696714299,20.939232972508503,-0.3946765276509279,31,1.1007535567836086,0.969258952985213,1.3047141419252892,DEBIL
2007-01-01,2007,1,25.12422331275265,0.657611881515839,22.780845713606325,-0.0059063224509427,31,0.617214955185581,0.6279881417749008,0.969258952985213,DEBIL
2007-02-01,2007,2,26.219390608982152,0.3709495543607692,22.77674879735778,-1.4249147978843073,28,0.16599591335551267,0.11598425187552408,0.6279881417749008,NEUTRO
2007-03-01,2007,3,26.06018229154497,-0.1451706772578635,22.15990764109188,-1.902480936451236,31,-0.43525811291452143,-0.30367235536160564,0.11598425187552408,NEUTRO
2007-04-01,2007,4,24.92446707715834,-0.4465238054815963,20.558754230189315,-2.214890433908528,30,-0.6417548665258082,-0.7561751426404323,-0.30367235536160564,DEBIL
2007-05-01,2007,5,23.30594722358429,-0.9493904509589226,19.144423824166804,-2.5428096239171207,31,-1.1915124484809674,-0.897276607220269,-0.7561751426404323,DEBIL
2007-06-01,2007,6,22.27325220118236,-0.7397199070527554,19.363167364717714,-1.388065002512984,30,-0.8585625066540317,-0.907153967183028,-0.897276607220269,DEBIL
2007-07-01,2007,7,21.181188760682726,-0.6618391066602966,19.06018812250391,-0.9029103053950788,31,-0.6713869464140849,-0.8400696688902501,-0.907153967183028,DEBIL
2007-08-01,2007,8,19.931888765584954,-0.9695536533978856,17.532396683942313,-1.591772275033913,31,-0.990259553602634,-0.9066437035806855,-0.8400696688902501,DEBIL
2007-09-01,2007,9,19.621455342810247,-0.979534794485003,18.189499804545708,-0.6894550734349698,30,-1.0582846107253374,-1.203646807076088,-0.9066437035806855,MODERADA
2007-10-01,2007,10,19.42798558773167,-1.551116456903784,17.2661236820346,-2.121108252854804,31,-1.5623962569002927,-1.50468102379327,-1.203646807076088,FUERTE
2007-11-01,2007,11,19.830594245386862,-1.881568321884011,17.38670022896075,-2.787406154017982,30,-1.8933622037541795,-1.7278279841795114,-1.50468102379327,FUERTE
2007-12-01,2007,12,21.14941960355413,-1.7381639007655016,18.35647976912976,-2.977017115310828,31,-1.7277254918840619,-1.286246285413662,-1.7278279841795114,MODERADA
2008-01-01,2008,1,24.269357196964325,-0.193934623919501,22.30650295343144,-0.4766935078551007,31,-0.23765116060274494,-0.5495786133353681,-1.286246285413662,NEUTRO
2008-02-01,2008,2,26.370035508107343,0.5238999861640035,24.94490251356145,0.7473896742364284,29,0.31664081248070275,0.23632906206166263,-0.5495786133353681,NEUTRO
2008-03-01,2008,3,27.12543793876652,0.9192410928302788,24.883141878198654,0.8206715881516873,31,0.6299975343070301,0.43671087011601745,0.23632906206166263,NEUTRO
2008-04-01,2008,4,25.929716207244468,0.5587472770763717,21.3642544814877,-1.4098998157145253,30,0.36349426356031955,0.3582261500858455,0.43671087011601745,NEUTRO
2008-05-01,2008,5,24.578646324455445,0.3233505682051178,20.101463853566003,-1.585663292603181,31,0.08118665239018696,0.3131779941486137,0.3582261500858455,NEUTRO
2008-06-01,2008,6,23.626667774331725,0.6136623367660603,20.33192991567544,-0.4198314625565422,30,0.49485306649533456,0.5106643290658326,0.3131779941486137,DEBIL
2008-07-01,2008,7,22.808528975408787,0.9654979430222728,20.50302898307925,0.5399854625241167,31,0.9559532683119762,0.8944979805361276,0.5106643290658326,DEBIL
2008-08-01,2008,8,22.15483592598866,1.2533927222566477,19.88697928544794,0.7625790779241136,31,1.232687606801072,1.1094804103077074,0.8944979805361276,DEBIL
2008-09-01,2008,9,21.81954030934566,1.2185319532033982,19.11372826269057,0.2342472217568549,30,1.139800355810074,0.9342637161774346,1.1094804103077074,DEBIL
2008-10-01,2008,10,21.42068503055312,0.4416176691575167,18.30996638546469,-1.0773916849961365,31,0.4303031859211579,0.5124360971084366,0.9342637161774346,DEBIL
2008-11-01,2008,11,21.69116119873512,-0.0210453100564943,18.68915139330988,-1.485010275311331,30,-0.032795250405921905,0.026743419850268662,0.5124360971084366,NEUTRO
2008-12-01,2008,12,22.55986741947376,-0.3276902709408131,19.316338123314548,-2.017147520252488,31,-0.31727767596443,-0.17978433992837375,0.026743419850268662,NEUTRO
2009-01-01,2009,1,24.3177282641523,-0.1488764583143268,21.41608995941396,-1.3704940580093927,31,-0.18928009341476937,-0.2787624421150265,-0.17978433992837375,NEUTRO
2009-02-01,2009,2,25.72366513866076,-0.1247449360926071,22.08945767417371,-2.112054184716272,28,-0.32972955696588,-0.3643222050612837,-0.2787624421150265,NEUTRO
2009-03-01,2009,3,25.92148343965629,-0.2838392712238575,21.96135257972644,-2.101644193926686,31,-0.5739569648032017,-0.19979423678102273,-0.3643222050612837,NEUTRO
2009-04-01,2009,4,25.87052575511016,0.4995935787173709,20.69874551851232,-2.0753212710113376,30,0.3043038114260135,0.07190746700582788,-0.19979423678102273,NEUTRO
2009-05-01,2009,5,24.98283522645993,0.7275187555040992,20.88018769016262,-0.8069680445743869,31,0.48537555439467184,0.5214728278680086,0.07190746700582788,DEBIL
2009-06-01,2009,6,23.90655382561973,0.8935571168686681,20.65047662925113,-0.100914502708438,30,0.7747391177833407,0.7714790311860007,0.5214728278680086,DEBIL
2009-07-01,2009,7,22.9068981284768,1.063876464993044,19.85858051545891,-0.1041585287425894,31,1.0543224213799895,0.8951719240422698,0.7714790311860007,DEBIL
2009-08-01,2009,8,21.778602552151067,0.8771285728959819,19.28283372694406,0.1586691994660585,31,0.856454232963479,0.8584911134323446,0.8951719240422698,DEBIL
2009-09-01,2009,9,21.34443663948915,0.7434367326572772,18.661088457027983,-0.2181817166471212,30,0.6646966859535652,0.5906186679725778,0.8584911134323446,DEBIL
2009-10-01,2009,10,21.24108692963265,0.2619853792221677,18.61843151984177,-0.7691704451494007,31,0.2507050850006891,0.38043109026800437,0.5906186679725778,NEUTRO
2009-11-01,2009,11,21.9498479489908,0.2376668046934629,19.312016306472334,-0.8621214050371362,30,0.22589149984975876,0.3690013526398192,0.38043109026800437,NEUTRO
2009-12-01,2009,12,23.5075525685072,0.6199729845939388,22.05152173325624,0.7179709142397009,31,0.6304074730690097,0.3085115608271032,0.3690013526398192,NEUTRO
2010-01-01,2010,1,24.57624406712961,0.109639551035341,22.394136695507445,-0.3922868152119284,31,0.0692357095625411,0.1511198939288588,0.3085115608271032,NEUTRO
2010-02-01,2010,2,25.807111194781665,-0.0412730058627866,23.440487219682645,-0.7612524232343301,28,-0.2462835008449744,-0.07641603561874415,0.1511198939288588,NEUTRO
2010-03-01,2010,3,26.44324008888569,0.2379032612036466,22.83213938683197,-1.230726387410222,31,-0.052200315573799116,0.13715829139513502,-0.07641603561874415,NEUTRO
2010-04-01,2010,4,26.276180634288327,0.9051945108123304,22.70257346289161,-0.0712907242977604,30,0.7099586906041786,0.28037444267736805,0.13715829139513502,NEUTRO
2010-05-01,2010,5,24.680824625066982,0.4255015982835167,21.287873475321422,-0.3996435886488794,31,0.18336495300172473,0.36563658783874803,0.28037444267736805,NEUTRO
2010-06-01,2010,6,23.33540082774673,0.3223696730283221,20.11948065002513,-0.6320767856145642,30,0.2035861199103408,-0.23099383454159295,0.36563658783874803,NEUTRO
2010-07-01,2010,7,20.772643130559967,-1.070396180095047,18.520788536470693,-1.4422212074211376,31,-1.0799325765368444,-0.5929589677409481,-0.23099383454159295,NEUTRO
2010-08-01,2010,8,20.019617872591247,-0.8818560906349862,17.73919157582996,-1.3852559730651386,31,-0.9025304465963409,-1.1286050165322077,-0.5929589677409481,MODERADA
2010-09-01,2010,9,19.276387927072147,-1.3245824399548949,17.467680348467077,-1.411724632825152,30,-1.4033520264634376,-1.2608019425982846,-1.1286050165322077,MODERADA
2010-10-01,2010,10,19.513858489896887,-1.4652215530445665,17.23441506925567,-2.1530463848161743,31,-1.4765233547350753,-1.409642469228313,-1.2608019425982846,FUERTE
2010-11-01,2010,11,20.374904422654616,-1.3372974981262842,17.991413078684317,-2.1826399731948403,30,-1.3490520264864259,-1.3515756624463886,-1.409642469228313,FUERTE
2010-12-01,2010,12,21.647993489320527,-1.239586755117806,18.816523327514748,-2.5170945584444366,31,-1.2291516061176644,-1.070192884560316,-1.3515756624463886,DEBIL
2011-01-01,2011,1,23.874633336490213,-0.5919715449299252,20.28165008457677,-2.5047330022319625,31,-0.6323750210768573,-0.6255341561662521,-1.070192884560316,NEUTRO
2011-02-01,2011,2,26.038318854322405,0.1898930186342089,22.460383828351247,-1.7412789292295918,28,-0.015075841304234672,-0.39688124533173763,-0.6255341561662521,NEUTRO
2011-03-01,2011,3,25.95224753084537,-0.2530727342890214,20.990545560665595,-3.072427109960604,31,-0.5431928736141209,-0.20887651073112679,-0.39688124533173763,NEUTRO
2011-04-01,2011,4,25.497861126409124,0.1268963750022431,20.63554112916737,-2.1382725749706823,30,-0.06836081727502474,-0.13819589770753402,-0.20887651073112679,NEUTRO
2011-05-01,2011,5,24.6944256698318,0.4391040382321757,21.17519636400976,-0.5121739741351824,31,0.19696599776654367,0.15717263428616826,-0.13819589770753402,NEUTRO
2011-06-01,2011,6,23.474727430203377,0.4616818151075852,20.900324007371424,0.1487474172111464,30,0.3429127223669859,0.2923698918544903,0.15717263428616826,NEUTRO
2011-07-01,2011,7,22.189806662526752,0.3467555225300477,19.565588605645303,-0.3975847794248781,31,0.3372309554299413,0.21445124795025924,0.2923698918544903,NEUTRO
2011-08-01,2011,8,20.88535838524144,-0.0160798334969398,18.273523581515253,-0.8506106820724284,31,-0.03678993394614949,-0.12582239649243712,0.21445124795025924,NEUTRO
2011-09-01,2011,9,20.00183174257448,-0.5991752691867585,17.251202378957952,-1.627930474116268,30,-0.6779082109611032,-0.544847316948554,-0.12582239649243712,NEUTRO
2011-10-01,2011,10,20.070538038693552,-0.9085495759082152,17.480436826831106,-1.9069481568750373,31,-0.9198438059384095,-0.7716156671552857,-0.544847316948554,DEBIL
2011-11-01,2011,11,21.006861464574698,-0.7053413416480683,17.94117412185179,-2.232853911878037,30,-0.7170949845663444,-0.7859893705346614,-0.7716156671552857,DEBIL
2011-12-01,2011,12,22.15611577433896,-0.7314484258199682,18.437402925869684,-2.896184642156519,31,-0.7210293210992305,-0.7053568542205314,-0.7859893705346614,DEBIL
2012-01-01,2012,1,23.82906210057105,-0.6342421821288503,20.599098838623213,-2.1834759699306634,31,-0.6779462569960195,-0.5168114624054615,-0.7053568542205314,NEUTRO
2012-02-01,2012,2,25.901935886505505,0.0557918630633294,23.607478061940725,-0.5899202199871751,29,-0.1514588091211344,-0.2967457019351632,-0.5168114624054615,NEUTRO
2012-03-01,2012,3,26.434608364771154,0.228397239740123,22.1307413572274,-1.931607174703712,31,-0.060832039688335726,0.22332351267004333,-0.2967457019351632,NEUTRO
2012-04-01,2012,4,26.44848333050375,1.0775072174211895,22.53567900820908,-0.2380839336572291,30,0.8822613868196001,0.5611481331328877,0.22332351267004333,DEBIL
2012-05-01,2012,5,25.359474724332657,1.104185805083808,21.11513389069333,-0.5722031571722719,31,0.8620150522673988,1.016941034449136,0.5611481331328877,DEBIL
2012-06-01,2012,6,24.4383613720968,1.4253484631406377,20.851340090467417,0.0996944211760764,30,1.3065466642604093,0.7975513037382989,1.016941034449136,DEBIL
2012-07-01,2012,7,22.0766679017839,0.2336493939933499,18.66992731262059,-1.293119126238253,31,0.2240921946870884,0.5314455917160181,0.7975513037382989,DEBIL
2012-08-01,2012,8,20.985846235388145,0.0843885555393336,18.196878874183287,-0.9272105880381976,31,0.06369791620055665,0.27411821666210184,0.5314455917160181,NEUTRO
2012-09-01,2012,9,21.214304492634245,0.6133201862809651,18.8764191656894,-0.0025666499134416,30,0.5345645390986604,0.03662832315482115,0.27411821666210184,NEUTRO
2012-10-01,2012,10,20.50200435879721,-0.4770639015535899,17.674740460119224,-1.712509633104373,31,-0.4883774858347536,-0.03009036706604462,0.03662832315482115,NEUTRO
2012-11-01,2012,11,21.587498294679,-0.124684788204782,18.867663874462508,-1.30644144747864,30,-0.13645815446204068,-0.3800370929952462,-0.03009036706604462,NEUTRO
2012-12-01,2012,12,22.361869456749247,-0.5257121935588047,19.365102708077767,-1.9688109533665883,31,-0.5152756386889443,-0.2662904319042821,-0.3800370929952462,NEUTRO
2013-01-01,2013,1,24.35987085500521,-0.1034118788176373,21.79975729440821,-0.983131826263653,31,-0.1471375025618613,-0.27173945708666264,-0.2662904319042821,NEUTRO
2013-02-01,2013,2,25.900589465617458,0.0659538548813867,21.96524417825432,-2.2276802168345986,28,-0.15280523000918222,-0.2820433775700965,-0.27173945708666264,NEUTRO
2013-03-01,2013,3,25.949253004320244,-0.2569622107564994,22.50253859997082,-1.5601459692281092,31,-0.5461874001392459,-0.6135893238564011,-0.2820433775700965,NEUTRO
2013-04-01,2013,4,24.424446602263373,-0.9465545640630691,19.98090232869828,-2.7929588987546774,30,-1.1417753414207752,-1.0295831330947702,-0.6135893238564011,DEBIL
2013-05-01,2013,5,23.09667301434097,-1.158614603894038,18.902079291392628,-2.785115516188481,31,-1.4007866577242893,-1.4936124504669905,-1.0295831330947702,FUERTE
2013-06-01,2013,6,21.193539355580484,-1.819431534568123,17.826867146925785,-2.924594683643269,30,-1.938275352255907,-1.7198523526523921,-1.4936124504669905,FUERTE
2013-07-01,2013,7,20.03208065911983,-1.810982854533964,17.02118747939624,-2.941877117796789,31,-1.82049504797698,-1.601792391021765,-1.7198523526523921,FUERTE
2013-08-01,2013,8,19.87554154635518,-1.0258819257783616,17.765847145736846,-1.358332027302353,31,-1.0466067728324084,-1.1988854469549537,-1.601792391021765,MODERADA
2013-09-01,2013,9,19.95018543348011,-0.6508033456315209,17.86605210252974,-1.013211649075781,30,-0.7295545200554727,-0.8141979165436221,-1.1988854469549537,DEBIL
2013-10-01,2013,10,20.323949387888977,-0.6551168882152607,18.03218224266236,-1.355309637427786,31,-0.6664324567429851,-0.6646863054702834,-0.8141979165436221,NEUTRO
2013-11-01,2013,11,21.12588450952865,-0.5863394189347911,19.37285190149104,-0.8015194058189538,30,-0.5980719396123924,-0.4125806504676793,-0.6646863054702834,NEUTRO
2013-12-01,2013,12,22.90390754039053,0.0163210052696404,19.73010268105644,-1.6036803052329516,31,0.026762444952339592,-0.117273303914241,-0.4125806504676793,NEUTRO
2014-01-01,2014,1,24.7264979404844,0.2598827070545542,22.854980247407315,0.0684489215786942,31,0.21948958291732978,-0.231774832074534,-0.117273303914241,NEUTRO
2014-02-01,2014,2,25.11181817153337,-0.7365812243824719,21.14321392671661,-3.058278187301056,28,-0.9415765240932714,-0.5246319014456731,-0.231774832074534,NEUTRO
2014-03-01,2014,3,25.643631641298413,-0.5617292651582472,21.01856786947617,-3.0443936683618054,31,-0.8518087631610776,-0.70967981072535,-0.5246319014456731,DEBIL
2014-04-01,2014,4,25.230567798762447,-0.140401397797368,21.28682693918579,-1.4865989277936011,30,-0.3356541449217012,-0.16293841968660536,-0.70967981072535,NEUTRO
2014-05-01,2014,5,25.19610732108822,0.9408158572485898,22.471331881387176,0.7839348461675651,31,0.6986476490229627,0.5707168648766086,-0.16293841968660536,DEBIL
2014-06-01,2014,6,24.480971798364955,1.467995144907434,21.99890165856928,1.24730736583459,30,1.3491570905285641,1.1631212667089688,0.5707168648766086,DEBIL
2014-07-01,2014,7,23.29413476767219,1.4511121391139108,19.93513951113009,-0.0278779608623046,31,1.4415590605753792,1.2682178751664683,1.1631212667089688,DEBIL
2014-08-01,2014,8,21.93608579358305,1.0346806498497485,18.72004755754193,-0.4041289133642099,31,1.013937474395462,1.055095870183069,1.2682178751664683,DEBIL
2014-09-01,2014,9,21.38953102911395,0.7885192554282484,18.52918568157704,-0.3502866476796784,30,0.7097910755783658,0.7024610040146916,1.055095870183069,DEBIL
2014-10-01,2014,10,21.37403630670221,0.394935539705033,18.829014207815657,-0.5584859948443301,31,0.3836544620702469,0.6058301277329967,0.7024610040146916,DEBIL
2014-11-01,2014,11,22.44800129469142,0.735828093836138,19.14167353548892,-1.0322800022337637,30,0.7240448455503774,0.32284191485213637,0.6058301277329967,NEUTRO
2014-12-01,2014,12,22.737971532373976,-0.1496007016124688,19.447705456687512,-1.8861212501148408,31,-0.13917356306421524,0.2266981389426744,0.32284191485213637,NEUTRO
2015-01-01,2015,1,24.60223149190893,0.1356040304180782,21.635812828646937,-1.1506297050891976,31,0.09522313434186103,-0.19508972432818203,0.2266981389426744,NEUTRO
2015-02-01,2015,2,25.512075951364448,-0.3363432398122913,22.46550606706077,-1.736425998611876,28,-0.5413187442621918,-0.10041161278381712,-0.19508972432818203,NEUTRO
2015-03-01,2015,3,26.64030117602837,0.434969390109007,23.351510114084064,-0.711526489010425,31,0.14486077156887944,0.2208875017767499,-0.10041161278381712,NEUTRO
2015-04-01,2015,4,26.62534242170771,1.2543910423369602,21.980931200089355,-0.7927513262969793,30,1.0591204780235621,0.8878900312456312,0.2208875017767499,DEBIL
2015-05-01,2015,5,25.95714851620971,1.7018063342010783,22.95884548662714,1.2712385497111425,31,1.459688844144452,1.5081153414481168,0.8878900312456312,MODERADA
2015-06-01,2015,6,25.137351410012727,2.124365090538677,21.94305031551908,1.1917631093985597,30,2.005536702176336,1.9916431150299527,1.5081153414481168,MODERADA
2015-07-01,2015,7,24.36227950586588,2.5192393042701484,21.269209409908186,1.3061672404195876,31,2.5097037987690705,2.1042872635894745,1.9916431150299527,FUERTE
2015-08-01,2015,8,22.719769609010605,1.8183138553034788,19.956913461486497,0.8327254794935125,31,1.7976212898230166,2.173891630603954,2.1042872635894745,FUERTE
2015-09-01,2015,9,22.89408975675536,2.2930959707217573,20.74529535935668,1.8657280393142344,30,2.2143498032197755,2.0767389708446395,2.173891630603954,MODERADA
2015-10-01,2015,10,23.20862766412309,2.2294866632053143,21.031270867222588,1.643732510443744,31,2.218245819491127,2.1746758191470867,2.0767389708446395,FUERTE
2015-11-01,2015,11,23.8153882838714,2.1031838799884626,21.835573742112032,1.661367789132742,30,2.0914318347303578,2.163544705246307,2.1746758191470867,FUERTE
2015-12-01,2015,12,25.058101556955627,2.170488815221168,23.74133290819774,2.407775928317814,31,2.180956461517436,1.8382182570161116,2.163544705246307,MODERADA
2016-01-01,2016,1,25.74927483236761,1.2859162510390405,23.05673117559002,0.2737563432573675,31,1.242266474800541,1.4830719257476008,1.8382182570161116,MODERADA
2016-02-01,2016,2,27.079387536551465,1.23322781874873,24.85517634213552,0.6574725160455457,29,1.0259928409248253,1.1269748665584085,1.4830719257476008,DEBIL
2016-03-01,2016,3,27.60810568840935,1.4018641211230545,24.25498970487303,0.1924773155929291,31,1.112665283949859,0.8230085804192507,1.1269748665584085,DEBIL
2016-04-01,2016,4,25.896589560067216,0.5255988906786343,21.42578617300498,-1.3481946166303682,30,0.330367616383068,0.6018103657258843,0.8230085804192507,DEBIL
2016-05-01,2016,5,24.859857868909984,0.6045633856227809,20.40450375326283,-1.2828412388739672,31,0.3623981968447261,0.33533496021043757,0.6018103657258843,NEUTRO
2016-06-01,2016,6,23.44505377523991,0.4320820831556239,18.999846093706378,-1.751683643267997,30,0.3132390674035186,0.3412870167367276,0.33533496021043757,NEUTRO
2016-07-01,2016,7,22.20079949305875,0.3577142715744904,18.67140883813683,-1.29153221753252,31,0.34822378596193815,0.3445906199291926,0.3412870167367276,NEUTRO
2016-08-01,2016,8,21.29445732560971,0.3930200211875589,18.351192991747688,-0.772882365339199,31,0.37230900642212106,0.4333865205180049,0.3445906199291926,NEUTRO
2016-09-01,2016,9,21.25936672270554,0.6583759649798419,18.613785726252303,-0.2654102306360642,30,0.5796267691699555,0.47046718757806616,0.4333865205180049,NEUTRO
2016-10-01,2016,10,21.449847631774084,0.470734377581743,18.292294921611123,-1.0952051189208765,31,0.45946578714212194,0.4219275047548348,0.47046718757806616,NEUTRO
2016-11-01,2016,11,21.95064640709347,0.2383956855583942,18.804741665270573,-1.3694312838554756,30,0.22668995795242708,0.36265821017991345,0.4219275047548348,NEUTRO
2016-12-01,2016,12,23.278963980883383,0.3913354686969233,20.18857932652036,-1.1449934878593164,31,0.4018188854451914,0.5596938512515214,0.36265821017991345,DEBIL
2017-01-01,2017,1,25.557581067924016,1.0909703152447447,22.883728078945527,0.0971009354784667,31,1.0505727103569455,0.8740367438706471,0.5596938512515214,DEBIL
2017-02-01,2017,2,27.223113331436444,1.3747276608066397,26.40901622669508,2.2071699016346367,28,1.1697186358098044,1.375049706553335,0.8740367438706471,MODERADA
2017-03-01,2017,3,28.400298177952745,2.194940098596549,27.892811947751564,3.829920719415908,31,1.904857773493255,1.29494420716604,1.375049706553335,DEBIL
2017-04-01,2017,4,26.37647815587921,1.0054621040528804,21.785740101636232,-0.9884158708884796,30,0.8102562121950605,1.0083987020073728,1.29494420716604,DEBIL
2017-05-01,2017,5,24.80754179239906,0.5522279314854573,20.334363026172863,-1.3531967855425076,31,0.3100821203338029,0.37080369139730013,1.0083987020073728,NEUTRO
2017-06-01,2017,6,23.123887449499428,0.1108966517459698,19.95570732115933,-0.7956131680348467,30,-0.00792725833696295,-0.003940097964066543,0.37080369139730013,NEUTRO
2017-07-01,2017,7,21.53860055120777,-0.3044637886031459,18.49559644183118,-1.4675686747118175,31,-0.31397515588903957,-0.19952794056976111,-0.003940097964066543,NEUTRO
2017-08-01,2017,8,20.645466911704307,-0.2559674173498878,18.110772972184243,-1.0135698420333017,31,-0.27668140748328085,-0.4358945265060801,-0.19952794056976111,NEUTRO
2017-09-01,2017,9,19.962712937389664,-0.6382750246032765,17.88967146925784,-0.9895027642821246,30,-0.71702701614592,-0.6840469706764267,-0.4358945265060801,NEUTRO
2017-10-01,2017,10,19.931949356231883,-1.047145158819197,17.548939196601808,-1.838465350547723,31,-1.0584324884000793,-0.9590081554045469,-0.6840469706764267,DEBIL
2017-11-01,2017,11,20.6223914874734,-1.089834712911165,17.946323002177927,-2.227779192494556,30,-1.1015649616676413,-1.1191781651007477,-0.9590081554045469,MODERADA
2017-12-01,2017,12,21.67960805020367,-1.2079587980662174,18.97684099027773,-2.356545485005864,31,-1.1975370452345224,-1.0119719162299046,-1.1191781651007477,DEBIL
2018-01-01,2018,1,23.77019461577952,-0.6964511186782452,20.32927572025357,-2.457372986235334,31,-0.7368137417875502,-0.8082467691770473,-1.0119719162299046,DEBIL
2018-02-01,2018,2,25.56300517511757,-0.2854141092273067,23.11322990211331,-1.088786468180839,28,-0.49038952050906914,-0.6803699803479226,-0.8082467691770473,NEUTRO
2018-03-01,2018,3,25.68153372571234,-0.5238479068035955,20.822901982825247,-3.2401998497614017,31,-0.8139066787471485,-0.7337610061444195,-0.6803699803479226,DEBIL
2018-04-01,2018,4,24.669235124507107,-0.7017499189092568,19.206335120344008,-3.567473781202883,30,-0.8969868191770409,-0.7690439083354997,-0.7337610061444195,DEBIL
2018-05-01,2018,5,23.901221444982948,-0.354122353274954,19.468786742254345,-2.21825063905447,31,-0.5962382270823099,-0.7371850993278066,-0.7690439083354997,DEBIL
2018-06-01,2018,6,22.41348445611232,-0.5995341374774517,18.729465572122635,-2.0220085999888315,30,-0.7183302517240691,-0.5326251512916068,-0.7371850993278066,NEUTRO
2018-07-01,2018,7,21.56926873202837,-0.2737846560240882,18.67218126989446,-1.2908095590659268,31,-0.2833069750684416,-0.37455655341337984,-0.5326251512916068,NEUTRO
2018-08-01,2018,8,20.80011588573996,-0.1012952775200165,18.46142013305304,-0.6625803209053229,31,-0.12203243344762882,-0.10822594874711555,-0.37455655341337984,NEUTRO
2018-09-01,2018,9,20.760401515810308,0.1594238513064926,18.64866700173117,-0.2305536940861117,30,0.08066156227472376,0.09185224001956034,-0.10822594874711555,NEUTRO
2018-10-01,2018,10,21.307309435863548,0.3282132204113849,18.623216565156543,-0.7641946832829839,31,0.3169275912315861,0.403622786758491,0.09185224001956034,NEUTRO
2018-11-01,2018,11,22.537235655910205,0.8250197750991372,20.69578516781148,0.5213890098844027,30,0.8132792067691632,0.6698126331350736,0.403622786758491,DEBIL
2018-12-01,2018,12,23.756376196842663,0.8687932976146703,21.288001340258003,-0.0456005490734385,31,0.8792311014044714,0.8501720669942815,0.6698126331350736,DEBIL
2019-01-01,2019,1,25.36501425037628,0.8983771608484575,22.887098881857344,0.1005570717524414,31,0.85800589280921,0.7981835444581833,0.8501720669942815,DEBIL
2019-02-01,2019,2,26.71070833478751,0.8623136726978438,24.15972470861356,-0.0418993370509537,28,0.6573136391608685,0.6524653450046477,0.7981835444581833,DEBIL
2019-03-01,2019,3,26.937516907503355,0.7321767651746116,22.630586579045502,-1.4325722145061313,31,0.4420765030438645,0.5273461819365947,0.6524653450046477,DEBIL
2019-04-01,2019,4,26.0488703472892,0.6778777531169888,21.61154682526387,-1.1623451722789977,30,0.4826484036050509,0.35432270266476945,0.5273461819365947,NEUTRO
2019-05-01,2019,5,24.63570287341065,0.380392966296929,20.16356627521765,-1.524035689773508,31,0.13824320134539292,0.1994481236537927,0.35432270266476945,NEUTRO
2019-06-01,2019,6,23.109267473847325,0.0962564241121771,19.34653208242588,-1.4047607081029765,30,-0.022547233989065774,-0.16397456701751287,0.1994481236537927,NEUTRO
2019-07-01,2019,7,21.244956038687945,-0.598071322408468,18.233816006355426,-1.729186766033107,31,-0.6076196684088657,-0.37648218114699955,-0.16397456701751287,NEUTRO
2019-08-01,2019,8,20.42286867814452,-0.4785821192874772,17.7759940336902,-1.3480406292727485,31,-0.4992796410430671,-0.634072679903749,-0.37648218114699955,NEUTRO
2019-09-01,2019,9,19.88442122327627,-0.7165674364421107,17.612531468140954,-1.266409113754398,30,-0.7953187302593143,-0.7427184870555976,-0.634072679903749,DEBIL
2019-10-01,2019,10,20.05682475476755,-0.9222745015039798,17.77401126249061,-1.6134681337447787,31,-0.9335570898644114,-0.6057952145122757,-0.7427184870555976,NEUTRO
2019-11-01,2019,11,21.63544662572794,-0.0767609803767308,20.14267292120401,-0.0314619422572178,30,-0.08850982341310143,-0.2311553696710611,-0.6057952145122757,NEUTRO
2019-12-01,2019,12,23.20574589970252,0.318144383553849,20.8061795081037,-0.5274129778046791,31,0.3286008042643296,0.08443711864943755,-0.2311553696710611,NEUTRO
2020-01-01,2020,1,24.520228732664155,0.05687552569843,21.13616340339064,-1.6468455839039342,31,0.013220375097084514,0.18211507215343423,0.08443711864943755,NEUTRO
2020-02-01,2020,2,26.25791873272553,0.4117374763171003,23.24259166613712,-0.955134690151992,29,0.20452403709888856,0.22265829514088153,0.18211507215343423,NEUTRO
2020-03-01,2020,3,26.94567087768616,0.7394488403010824,23.055318770637548,-1.0071016920757248,31,0.45023047322667153,0.28971272824870437,0.22265829514088153,NEUTRO
2020-04-01,2020,4,25.7806056181047,0.4096169245697365,20.33935008655833,-2.434273971072765,30,0.21438367442055295,0.147584678645129,0.28971272824870437,NEUTRO
2020-05-01,2020,5,24.27559956035342,0.0202776475799205,19.98795199930825,-1.699378833651284,31,-0.2218601117118375,-0.2945589377971179,0.147584678645129,NEUTRO
2020-06-01,2020,6,22.25561433173632,-0.7573643631374593,18.76303244541241,-1.988222482827945,30,-0.8762003761000692,-0.7013659863531588,-0.2945589377971179,DEBIL
2020-07-01,2020,7,20.84653823584924,-0.9965019363601192,17.64368095374489,-2.319767022087236,31,-1.00603747124757,-0.8646169776341542,-0.7013659863531588,DEBIL
2020-08-01,2020,8,20.210535233632765,-0.6909048451279252,17.94600014051092,-1.1782704727111586,31,-0.7116130855548235,-0.8130115961226956,-0.8646169776341542,DEBIL
2020-09-01,2020,9,19.95835572196989,-0.642643065464732,18.25339934103982,-0.6256286926900099,30,-0.7213842315656933,-0.7058159870252148,-0.8130115961226956,DEBIL
2020-10-01,2020,10,20.305931200676834,-0.673199067544395,18.280086468258048,-1.1072746285918107,31,-0.6844506439551274,-0.6838690918635137,-0.7058159870252148,NEUTRO
2020-11-01,2020,11,21.07818404907132,-0.6339970841839241,17.815190037415537,-2.3588744625006983,30,-0.6457724000697205,-0.7268702536392659,-0.6838690918635137,DEBIL
2020-12-01,2020,12,22.02675737854524,-0.8608259681566854,19.16591005139457,-2.167962537627204,31,-0.8503877168929499,-0.747725265246069,-0.7268702536392659,DEBIL
2021-01-01,2021,1,23.759992678791534,-0.7066366106638496,20.70771037456969,-2.0787265387296743,31,-0.7470156787755364,-0.7304852761389237,-0.747725265246069,DEBIL
2021-02-01,2021,2,25.459342262878355,-0.389068432256153,21.852319005337105,-2.3494067563363097,28,-0.5940524327482848,-0.5883668343578693,-0.7304852761389237,NEUTRO
2021-03-01,2021,3,26.071408012909703,-0.1339392215475679,22.45343149282044,-1.609670880192824,31,-0.4240323915497868,-0.72651314336375,-0.5883668343578693,DEBIL
2021-04-01,2021,4,24.40476733789097,-0.9662355772349638,19.13548333054113,-3.6382013737644505,30,-1.1614546057931783,-0.8065105124626761,-0.72651314336375,DEBIL
2021-05-01,2021,5,23.663415132020194,-0.5919134280793767,20.049061873442906,-1.6386073746615586,31,-0.8340445400450633,-0.6512024862517004,-0.8065105124626761,NEUTRO
2021-06-01,2021,6,23.17370639491953,0.16069376408736,20.24611559725247,-0.5054631149829678,30,0.04189168708314028,-0.1545658159315811,-0.6512024862517004,NEUTRO
2021-07-01,2021,7,22.18103111226399,0.3379851890123365,19.35629542961214,-0.6068078621263625,31,0.32845540516717975,0.13141469653994045,-0.1545658159315811,NEUTRO
2021-08-01,2021,8,20.94604531655709,0.0446003823698461,18.30474121671648,-0.8193010122190457,31,0.02389699736950135,0.1987172214948091,0.13141469653994045,NEUTRO
2021-09-01,2021,9,20.92353921548333,0.3225234852594282,19.19785648070587,0.3188033171385493,30,0.24379926194774626,-0.0047296863717415745,0.1987172214948091,NEUTRO
2021-10-01,2021,10,20.70849652619949,-0.2705847923767533,17.6154860326742,-1.771951156242738,31,-0.28188531843247233,-0.2906928000614464,-0.0047296863717415745,NEUTRO
2021-11-01,2021,11,20.88996410544143,-0.822260199145061,18.255735578265487,-1.9183665605629088,30,-0.8339923436996131,-0.8754824724822244,-0.2906928000614464,DEBIL
2021-12-01,2021,12,21.366575340123603,-1.5210152630031597,18.9427704429877,-2.3907836185885145,31,-1.510569755314588,-0.9958029608489554,-0.8754824724822244,DEBIL
2022-01-01,2022,1,23.864161574034405,-0.6024610053150553,21.30239187414545,-1.4842937975237656,31,-0.642846783532665,-1.1838334434490285,-0.9958029608489554,MODERADA
2022-02-01,2022,2,24.655310904126807,-1.193081994424108,21.836095601081784,-2.365262487135917,28,-1.3980837914998325,-0.8738352079138293,-1.1838334434490285,DEBIL
2022-03-01,2022,3,25.9148653557505,-0.2904579274955928,23.22416096066235,-0.8388993671604369,31,-0.5805750487089902,-1.1090939749868258,-0.8738352079138293,MODERADA
2022-04-01,2022,4,24.217598858932494,-1.153360835862672,20.043978723404265,-2.729775283408723,30,-1.3486230847516545,-1.0567451827502647,-1.1090939749868258,DEBIL
2022-05-01,2022,5,23.25642225727511,-0.9988517764516222,19.476785002080646,-2.210278643961544,31,-1.2410374147901493,-1.317661656901213,-1.0567451827502647,FUERTE
2022-06-01,2022,6,21.768490236674555,-1.2444823822596929,18.37642246049032,-2.374824593734294,30,-1.3633244711618353,-1.2287820264040998,-1.317661656901213,MODERADA
2022-07-01,2022,7,20.770591513836496,-1.0724564437520567,18.10074368106184,-1.862296218634991,31,-1.0819841932603147,-0.9657430927106733,-1.2287820264040998,DEBIL
2022-08-01,2022,8,20.47022770547772,-0.4312354228675751,18.290564799853005,-0.8338175735925941,31,-0.4519206137098699,-0.8498243089353229,-0.9657430927106733,DEBIL
2022-09-01,2022,9,19.6641718336998,-0.9368447881771776,17.750171162115375,-1.1292963087060928,30,-1.015568119835784,-1.0910514680792407,-0.8498243089353229,DEBIL
2022-10-01,2022,10,19.184716173939893,-1.7944003428051325,16.963601132734187,-2.423940358519016,31,-1.8056656706920684,-1.3673582067141723,-1.0910514680792407,FUERTE
2022-11-01,2022,11,20.443115619526377,-1.2690834592827842,18.07012810632714,-2.103822080750545,30,-1.2808408296146645,-1.1380562084005312,-1.3673582067141723,MODERADA
2022-12-01,2022,12,22.54948297054333,-0.3381068037548806,20.22662546814456,-1.1069923097293006,31,-0.3276621248948608,-0.6444112452305847,-1.1380562084005312,NEUTRO
2023-01-01,2023,1,24.18227757638484,-0.2843477886571093,20.505787644766784,-2.2804997865314887,31,-0.32473078118222887,0.05534747010351637,-0.6444112452305847,NEUTRO
2023-02-01,2023,2,26.87183001201428,1.0234165395834225,24.0732741186607,-0.1285287078476893,28,0.8184353163876388,0.6725067072626322,0.05534747010351637,DEBIL
2023-03-01,2023,3,28.019255991041977,1.8139249277596696,26.284445225060672,2.2216024729921804,31,1.5238155865824865,1.6483577214793133,0.6725067072626322,MODERADA
2023-04-01,2023,4,28.169044205151963,2.798057622736879,27.28935109175184,4.515497068185627,30,2.6028222614678143,2.0712431601595314,1.6483577214793133,MODERADA
2023-05-01,2023,5,26.58455130449355,2.329244909048575,23.747023114046232,2.0597023330216886,31,2.0870916324282938,2.496398040066756,2.0712431601595314,FUERTE
2023-06-01,2023,6,25.93109493414055,2.918104634663775,23.439325459317583,2.6880857765119788,30,2.799280226304159,2.721509631199934,2.496398040066756,FUERTE
2023-07-01,2023,7,25.13073274196416,3.2876845486169866,22.44552472721968,2.4824272720885863,31,3.2781570348673483,3.138812215086775,2.721509631199934,FUERTE
2023-08-01,2023,8,24.261147703276407,3.359715670364764,21.265510351871768,2.141404028339972,31,3.338999384088819,3.15172187874152,3.138812215086775,FUERTE
2023-09-01,2023,9,23.517749170803977,2.916743996179422,20.50053839280728,1.6212110347908644,30,2.838009217268393,2.8537680428870438,3.15172187874152,FUERTE
2023-10-01,2023,10,23.37467737193588,2.3955813394806027,20.135617194213115,0.7479999891914678,31,2.3842955273039195,2.46984897222721,2.8537680428870438,FUERTE
2023-11-01,2023,11,23.91119862125036,2.198968394624132,21.151810018428552,0.977165912771542,30,2.1872421721093183,1.984623351965111,2.46984897222721,MODERADA
2023-12-01,2023,12,24.259477451920286,1.3718965556392484,21.511025405455072,0.1776373088916391,31,1.3823323564820953,1.484692781729392,1.984623351965111,MODERADA
2024-01-01,2024,1,25.391512174163832,0.9281664066197336,23.02815790184772,0.2453723809575279,31,0.8845038165967622,1.088527546437766,1.484692781729392,DEBIL
2024-02-01,2024,2,27.05214116186108,1.205980302481443,25.14125054159133,0.9436334856528849,29,0.9987464662344401,0.7292783746393425,1.088527546437766,DEBIL
2024-03-01,2024,3,26.800025245546315,0.593804521864712,22.33847194375241,-1.7241001086257488,31,0.30458484108682526,0.4803372365595268,0.7292783746393425,NEUTRO
2024-04-01,2024,4,25.703902346041463,0.3329097601508354,20.959346568381086,-1.8144428994248056,30,0.13768040235731505,-0.09639467835658995,0.4803372365595268,NEUTRO
2024-05-01,2024,5,23.766010393551348,-0.4893376744096587,19.16468760639649,-2.522565188960166,31,-0.7314492785139102,-0.4173832511163494,-0.09639467835658995,NEUTRO
2024-06-01,2024,6,22.473433830643938,-0.5395585337137342,19.08238644105657,-1.668690791310662,30,-0.6583808771924531,-0.60383180919665,-0.4173832511163494,NEUTRO
2024-07-01,2024,7,21.430910435213224,-0.4121464197607703,18.75443036332882,-1.208608347429461,31,-0.4216652718835867,-0.4249429098295951,-0.60383180919665,NEUTRO
2024-08-01,2024,8,20.727365738774843,-0.1740784647608893,18.544249806797488,-0.5800670669426446,31,-0.19478258041274543,-0.3199252208828085,-0.4249429098295951,NEUTRO
2024-09-01,2024,9,20.33641214318349,-0.2645801935687799,17.980158429664378,-0.8989097001172728,30,-0.34332781035209337,-0.30180365924347896,-0.3199252208828085,NEUTRO
2024-10-01,2024,10,20.623081257666364,-0.356042773969945,18.75402126038295,-0.6335735169342678,31,-0.3673005869655981,-0.13016955234910674,-0.30180365924347896,NEUTRO
2024-11-01,2024,11,22.044076189411413,0.33188022931772,19.450779136650475,-0.723535935667616,30,0.32011974027037127,-0.05044887479342345,-0.13016955234910674,NEUTRO
2024-12-01,2024,12,22.772979317753148,-0.1145830290621658,19.36816535973498,-1.9653123395608496,31,-0.10416577768504354,-0.014144426409457603,-0.05044887479342345,NEUTRO
2025-01-01,2025,1,24.24862111575337,-0.2212605587048667,20.975393924163736,-1.815438878650808,30,-0.25838724181370054,0.09940521797772917,-0.014144426409457603,NEUTRO
2025-02-01,2025,2,26.71416336905857,0.8657628787874352,24.69244357753153,0.4907193116817845,28,0.6607686734319316,0.5446428414005832,0.09940521797772917,DEBIL
2025-03-01,2025,3,27.72698749704301,1.5216981536956866,25.097576564940365,1.0346872280978603,31,1.2315470925835186,0.8519678259525824,0.5446428414005832,DEBIL
2025-04-01,2025,4,26.229809655526445,0.85885688760616,22.18279538727872,-0.5911079466130565,30,0.6635877118422968,0.6786927210717622,0.8519678259525824,DEBIL
2025-05-01,2025,5,24.63840303085473,0.3830725679889947,20.35341776598448,-1.3339614351569131,31,0.14094335878947106,0.4414428471045812,0.6786927210717622,NEUTRO
2025-06-01,2025,6,23.651612178518366,0.6386391482642451,20.0456304238566,-0.7060452895515722,30,0.5197974706819757,0.4060467794425217,0.4414428471045812,NEUTRO
2025-07-01,2025,7,22.40997521595293,0.5669421973162514,19.92851658299061,-0.034485865141943,31,0.5573995088561183,0.4304352514385433,0.4060467794425217,NEUTRO
2025-08-01,2025,8,21.136257093965124,0.2347805874838991,18.49565340279617,-0.6282950621220394,31,0.21410877477753587,0.1930470645386002,0.4304352514385433,NEUTRO
2025-09-01,2025,9,20.48737286351773,-0.1135901487514786,18.741759479533147,-0.1375062824593734,30,-0.19236709001785357,-0.011158093312039577,0.1930470645386002,NEUTRO
2025-10-01,2025,10,20.93516587993616,-0.0439516145729048,19.04912602208184,-0.338321380898081,31,-0.055215964695801034,-0.22049218212737878,-0.011158093312039577,NEUTRO
2025-11-01,2025,11,21.31006295747256,-0.4021509198795852,18.994196515329207,-1.179807393756632,30,-0.41389349166848177,-0.30780918695570136,-0.22049218212737878,NEUTRO
2025-12-01,2025,12,22.42282699093537,-0.4647962811306647,19.31829571063398,-2.0153737320240603,31,-0.4543181045028213,-0.3646923537136845,-0.30780918695570136,NEUTRO
2026-01-01,2026,1,24.28114289259732,-0.1854794850549706,21.26814136479337,-1.5183432681758984,31,-0.22586546496975046,0.062006990544105633,-0.3646923537136845,NEUTRO
2026-02-01,2026,2,26.91959923673153,1.0712085712570247,25.431537228059263,1.2296843812076683,28,0.8662045411048886,0.6383358342293199,0.062006990544105633,DEBIL
2026-03-01,2026,3,27.770108831012312,1.5647627586516408,24.672548705948486,0.6096619631537137,31,1.2746684265528216,1.261237236738405,0.6383358342293199,DEBIL
2026-04-01,2026,4,27.209060686241653,1.838106414519317,22.598277712626352,-0.1756316524264254,30,1.6428387425575046,1.61026545803972,1.261237236738405,MODERADA
2026-05-01,2026,5,26.41074887707409,2.155449737386208,23.31939591113225,1.6321864579899372,31,1.9132892050088337,2.162930719632444,1.61026545803972,FUERTE
2026-06-01,2026,6,26.064478919167385,3.051529053950537,24.45832428659184,3.7068831183336144,30,2.9326642113309944,2.8030148075832635,2.162930719632444,FUERTE
2026-07-01,2026,7,25.415666713506774,3.57261153088325,22.8318536632818,2.8687639362512773,31,3.5630910064099623,,2.8030148075832635,S/D
2026-08-01,2026,8,25.163173477598995,4.089468001937901,22.559876137823203,3.275792371698219,15,,,,S/D
2026-09-01,2026,9,,,,,0,,,,S/D
2026-10-01,2026,10,,,,,0,,,,S/D
2026-11-01,2026,11,,,,,0,,,,S/D
2026-12-01,2026,12,,,,,0,,,,S/D
