ym,n,damni,afect,viv_destr
2003-01,2,9.0,0.0,1.0
2003-02,2,0.0,5.0,0.0
2003-03,2,18.0,6.0,7.0
2003-04,3,40.0,105.0,7.0
2003-05,1,0.0,0.0,2.0
2003-06,4,20.0,3.0,1.0
2003-07,1,6.0,0.0,1.0
2003-08,2,9.0,3.0,1.0
2003-09,1,0.0,2.0,0.0
2003-10,0,0.0,0.0,0.0
2003-11,0,0.0,0.0,0.0
2003-12,0,0.0,0.0,0.0
2004-01,1,155.0,193.0,40.0
2004-02,0,0.0,0.0,0.0
2004-03,0,0.0,0.0,0.0
2004-04,4,0.0,179.0,0.0
2004-05,0,0.0,0.0,0.0
2004-06,0,0.0,0.0,0.0
2004-07,0,0.0,0.0,0.0
2004-08,0,0.0,0.0,0.0
2004-09,1,0.0,70.0,0.0
2004-10,1,0.0,1700.0,0.0
2004-11,0,0.0,0.0,0.0
2004-12,0,0.0,0.0,0.0
2005-01,0,0.0,0.0,0.0
2005-02,4,15.0,4.0,2.0
2005-03,10,14.0,4503.0,2.0
2005-04,2,0.0,77.0,0.0
2005-05,1,9.0,0.0,1.0
2005-06,0,0.0,0.0,0.0
2005-07,0,0.0,0.0,0.0
2005-08,0,0.0,0.0,0.0
2005-09,0,0.0,0.0,0.0
2005-10,0,0.0,0.0,0.0
2005-11,1,10.0,0.0,2.0
2005-12,1,20.0,0.0,5.0
2006-01,6,406.0,500.0,40.0
2006-02,24,243.0,6411.0,60.0
2006-03,22,174.0,12226.0,35.0
2006-04,5,49.0,813.0,10.0
2006-05,0,0.0,0.0,0.0
2006-06,0,0.0,0.0,0.0
2006-07,0,0.0,0.0,0.0
2006-08,0,0.0,0.0,0.0
2006-09,0,0.0,0.0,0.0
2006-10,0,0.0,0.0,0.0
2006-11,0,0.0,0.0,0.0
2006-12,0,0.0,0.0,0.0
2007-01,8,7.0,371.0,0.0
2007-02,6,0.0,83.0,0.0
2007-03,7,235.0,4911.0,58.0
2007-04,11,221.0,917.0,5.0
2007-05,2,6.0,15.0,1.0
2007-06,1,0.0,12.0,0.0
2007-07,0,0.0,0.0,0.0
2007-08,0,0.0,0.0,0.0
2007-09,0,0.0,0.0,0.0
2007-10,1,0.0,90.0,0.0
2007-11,2,57.0,0.0,19.0
2007-12,0,0.0,0.0,0.0
2008-01,13,407.0,11581.0,51.0
2008-02,52,15007.0,91020.0,5234.0
2008-03,14,4345.0,18086.0,529.0
2008-04,12,1334.0,12979.0,59.0
2008-05,1,4.0,0.0,1.0
2008-06,0,0.0,0.0,0.0
2008-07,1,2.0,0.0,1.0
2008-08,0,0.0,0.0,0.0
2008-09,3,0.0,62.0,0.0
2008-10,0,0.0,0.0,0.0
2008-11,1,30.0,0.0,6.0
2008-12,2,19.0,0.0,4.0
2009-01,17,31.0,1384.0,7.0
2009-02,23,120.0,2302.0,0.0
2009-03,9,16.0,828.0,6.0
2009-04,2,0.0,27.0,0.0
2009-05,0,0.0,0.0,0.0
2009-06,3,0.0,39127.0,0.0
2009-07,0,0.0,0.0,0.0
2009-08,0,0.0,0.0,0.0
2009-09,0,0.0,0.0,0.0
2009-10,0,0.0,0.0,0.0
2009-11,0,0.0,0.0,0.0
2009-12,0,0.0,0.0,0.0
2010-01,7,87.0,594.0,21.0
2010-02,23,905.0,3025.0,135.0
2010-03,7,79.0,1705.0,18.0
2010-04,5,24.0,391.0,4.0
2010-05,1,5.0,0.0,1.0
2010-06,0,0.0,0.0,0.0
2010-07,0,0.0,0.0,0.0
2010-08,1,11.0,0.0,2.0
2010-09,0,0.0,0.0,0.0
2010-10,0,0.0,0.0,0.0
2010-11,0,0.0,0.0,0.0
2010-12,0,0.0,0.0,0.0
2011-01,1,0.0,600.0,0.0
2011-02,6,2.0,532.0,1.0
2011-03,0,0.0,0.0,0.0
2011-04,8,29.0,2164.0,9.0
2011-05,1,40.0,35.0,9.0
2011-06,1,3.0,0.0,1.0
2011-07,2,6.0,62.0,0.0
2011-08,0,0.0,0.0,0.0
2011-09,0,0.0,0.0,0.0
2011-10,0,0.0,0.0,0.0
2011-11,0,0.0,0.0,0.0
2011-12,1,0.0,14.0,0.0
2012-01,19,1469.0,4553.0,152.0
2012-02,64,5115.0,20361.0,238.0
2012-03,71,2339.0,33345.0,270.0
2012-04,26,1831.0,7678.0,88.0
2012-05,5,8.0,28.0,2.0
2012-06,2,5.0,0.0,0.0
2012-07,0,0.0,0.0,0.0
2012-08,2,11.0,0.0,0.0
2012-09,0,0.0,0.0,0.0
2012-10,4,0.0,570.0,0.0
2012-11,3,12.0,20.0,2.0
2012-12,1,6.0,0.0,0.0
2013-01,3,50.0,3055.0,0.0
2013-02,1,0.0,5.0,0.0
2013-03,24,183.0,3489.0,16.0
2013-04,2,0.0,4.0,0.0
2013-05,2,7.0,53.0,0.0
2013-06,0,0.0,0.0,0.0
2013-07,5,5.0,351.0,1.0
2013-08,1,0.0,500.0,0.0
2013-09,2,0.0,0.0,0.0
2013-10,6,60.0,665.0,4.0
2013-11,0,0.0,0.0,0.0
2013-12,2,0.0,800.0,0.0
2014-01,1,8.0,0.0,2.0
2014-02,0,0.0,0.0,0.0
2014-03,11,279.0,2068.0,23.0
2014-04,1,16.0,0.0,0.0
2014-05,2,15.0,260.0,0.0
2014-06,1,250.0,0.0,0.0
2014-07,0,0.0,0.0,0.0
2014-08,5,165.0,465.0,0.0
2014-09,0,0.0,0.0,0.0
2014-10,1,0.0,90.0,0.0
2014-11,2,35.0,1125.0,0.0
2014-12,0,0.0,0.0,0.0
2015-01,1,618.0,0.0,0.0
2015-02,2,20.0,88.0,0.0
2015-03,60,5788.0,66714.0,694.0
2015-04,10,151.0,9786.0,36.0
2015-05,3,0.0,4410.0,0.0
2015-06,1,0.0,0.0,0.0
2015-07,0,0.0,0.0,0.0
2015-08,1,1.0,0.0,1.0
2015-09,0,0.0,0.0,0.0
2015-10,0,0.0,0.0,0.0
2015-11,0,0.0,0.0,0.0
2015-12,0,0.0,0.0,0.0
2016-01,1,20.0,750.0,4.0
2016-02,14,1390.0,12068.0,330.0
2016-03,45,3214.0,34285.0,509.0
2016-04,1,0.0,0.0,0.0
2016-05,0,0.0,0.0,0.0
2016-06,0,0.0,0.0,0.0
2016-07,0,0.0,0.0,0.0
2016-08,0,0.0,0.0,0.0
2016-09,0,0.0,0.0,0.0
2016-10,0,0.0,0.0,0.0
2016-11,0,0.0,0.0,0.0
2016-12,0,0.0,0.0,0.0
2017-01,43,9016.0,77732.0,1630.0
2017-02,99,11536.0,73008.0,986.0
2017-03,194,72965.0,289209.0,10202.0
2017-04,24,6423.0,24805.0,247.0
2017-05,6,2040.0,16903.0,100.0
2017-06,2,2.0,0.0,0.0
2017-07,1,0.0,0.0,0.0
2017-08,0,0.0,0.0,0.0
2017-09,0,0.0,0.0,0.0
2017-10,1,0.0,0.0,0.0
2017-11,0,0.0,0.0,0.0
2017-12,0,0.0,0.0,0.0
2018-01,9,1497.0,1000.0,204.0
2018-02,2,0.0,78.0,0.0
2018-03,5,343.0,2868.0,30.0
2018-04,19,1954.0,1061.0,289.0
2018-05,8,913.0,1183.0,1.0
2018-06,2,0.0,0.0,0.0
2018-07,3,0.0,0.0,0.0
2018-08,1,0.0,0.0,0.0
2018-09,0,0.0,0.0,0.0
2018-10,0,0.0,0.0,0.0
2018-11,3,129.0,388.0,0.0
2018-12,1,0.0,0.0,0.0
2019-01,6,10.0,206.0,0.0
2019-02,113,894.0,9052.0,82.0
2019-03,68,378.0,2908.0,26.0
2019-04,15,37.0,561.0,1.0
2019-05,0,0.0,0.0,0.0
2019-06,3,0.0,0.0,0.0
2019-07,0,0.0,0.0,0.0
2019-08,0,0.0,0.0,0.0
2019-09,0,0.0,0.0,0.0
2019-10,0,0.0,0.0,0.0
2019-11,2,0.0,0.0,0.0
2019-12,30,85.0,20.0,16.0
2020-01,13,0.0,0.0,0.0
2020-02,10,0.0,132.0,0.0
2020-03,9,4.0,2907.0,1.0
2020-04,5,1.0,152.0,0.0
2020-05,0,0.0,0.0,0.0
2020-06,1,0.0,0.0,0.0
2020-07,0,0.0,0.0,0.0
2020-08,0,0.0,0.0,0.0
2020-09,2,0.0,0.0,0.0
2020-10,0,0.0,0.0,0.0
2020-11,1,0.0,0.0,0.0
2020-12,12,0.0,153.0,0.0
2021-01,5,3.0,778.0,0.0
2021-02,3,60.0,710.0,35.0
2021-03,99,2222.0,19599.0,199.0
2021-04,33,91.0,1520.0,7.0
2021-05,5,12.0,531.0,0.0
2021-06,9,0.0,0.0,0.0
2021-07,2,0.0,0.0,0.0
2021-08,5,0.0,1.0,0.0
2021-09,1,0.0,0.0,0.0
2021-10,3,0.0,0.0,0.0
2021-11,6,0.0,63.0,0.0
2021-12,0,0.0,0.0,0.0
2022-01,5,57.0,276.0,1.0
2022-02,5,88.0,462.0,0.0
2022-03,51,972.0,7559.0,49.0
2022-04,20,241.0,1865.0,15.0
2022-05,2,0.0,77.0,0.0
2022-06,0,0.0,0.0,0.0
2022-07,0,0.0,0.0,0.0
2022-08,0,0.0,0.0,0.0
2022-09,1,5.0,68.0,0.0
2022-10,3,0.0,74.0,0.0
2022-11,0,0.0,0.0,0.0
2022-12,0,0.0,0.0,0.0
2023-01,7,0.0,0.0,0.0
2023-02,3,0.0,0.0,0.0
2023-03,0,0.0,0.0,0.0
2023-04,0,0.0,0.0,0.0
2023-05,0,0.0,0.0,0.0
2023-06,0,0.0,0.0,0.0
2023-07,0,0.0,0.0,0.0
2023-08,0,0.0,0.0,0.0
2023-09,0,0.0,0.0,0.0
2023-10,0,0.0,0.0,0.0
2023-11,0,0.0,0.0,0.0
2023-12,0,0.0,0.0,0.0