anio,mes,sst_nino12,anom_nino12,sst_piura,anom_piura,n_dias_sst
1982,1,24.20982444727953,-0.2535043476437293,20.793834488945578,-1.989120563773043,31
1982,2,25.270128802662942,-0.5645098560005862,21.021082138668845,-3.1717780556685726,28
1982,3,25.025207579167194,-1.181032602953409,20.197675571095832,-3.8648420062797575,31
1982,4,24.330517283715437,-1.0404613110889336,19.118012564918747,-3.655835259954207,30
1982,5,23.856352934874987,-0.39895621887968785,19.84398742967699,-1.843715703176087,31
1982,6,22.876908294306265,-0.13606281668523174,19.395271793153523,-1.3561005751940585,30
1982,7,22.110790928941228,0.267749615339354,19.27501153810819,-0.6880567339858084,31
1982,8,21.78340505584144,0.8819472250536269,18.443371397381096,-0.6809497997719401,31
1982,9,21.993224968495394,1.3922538181662583,19.070741553582405,0.1913896800134027,30
1982,10,22.781929226581994,1.8028387134175,20.96685050178612,1.57937396981177,31
1982,11,24.55934138029562,2.8471292482922688,23.19424945552019,3.0198447534483734,30
1982,12,25.83064293126711,2.943069336158343,24.058020633488077,2.724287798788364,31
1983,1,26.902840562086087,2.43950973683321,26.292146466420593,3.5092074643723774,31
1983,2,27.6615014074297,1.8268489621075041,26.825733432257152,2.632914462819808,28
1983,3,28.376955003754095,2.17074577013543,27.74481395813856,3.6823683115451353,31
1983,4,28.165685878616475,2.7946743354354826,28.37686312615178,5.602840341765791,30
1983,5,27.94021718182499,3.684912532864285,28.313948843216846,6.626535541156189,31
1983,6,27.267372568830506,4.254369718577166,27.51821756854862,6.766654771876923,30
1983,7,25.764223258655026,3.9211690778389694,24.153139338193586,4.189989677851697,31
1983,8,23.72827665886273,2.8268101871523195,20.158496641248608,1.0342980668940063,31
1983,9,22.17238212511571,1.5714187539768973,20.080946780588597,1.2019959233819177,30
1983,10,22.03351839699065,1.0544082303686821,19.217687838779938,-0.16986219121374407,31
1983,11,22.036169144937805,0.32391579330211057,19.2924141397219,-0.8818406209862067,30
1983,12,22.989765665228894,0.10216673240749405,19.93487540464443,-1.3987856073584497,31
1984,1,24.2490638270191,-0.21423436869904855,20.380442177054565,-2.402435216359795,31
1984,2,25.113938996820245,-0.7322075982038044,22.447571591151995,-1.750239108959509,29
1984,3,25.562515847591207,-0.6437272825146271,22.295290019941742,-1.7671596258086137,31
1984,4,25.092778069474363,-0.2782360651596895,20.674426481264316,-2.0994726643212154,30
1984,5,23.254865692357715,-1.0004599124099767,19.232718345862224,-2.4547226260409976,31
1984,6,22.1368128542975,-0.8762112900398487,18.96577902496231,-1.7857202769866534,30
1984,7,21.159859609383297,-0.6831802282224104,18.38236890601441,-1.5807999935148809,31
1984,8,20.327814955889057,-0.5736532856811412,18.138223887937144,-0.9858128826895954,31
1984,9,20.293159273261285,-0.307846117375226,17.851275255486684,-1.0279940805271686,30
1984,10,20.538733072961325,-0.44037951736659975,17.64911397056837,-1.7382683650473683,31
1984,11,21.449063940913426,-0.26313827386448857,18.505835930083215,-1.6683642151114098,30
1984,12,22.565742695254613,-0.32184079637543417,19.128033927982756,-2.2054876539540325,31
1985,1,23.48437989658408,-0.9822217957491035,19.9990067499284,-2.787467885148537,31
1985,2,24.659698215254366,-1.1887333842849377,21.802322714979777,-2.399525225570209,28
1985,3,25.515098501710273,-0.6902283426272117,22.37925367084777,-1.6836988418657697,31
1985,4,24.077314523731676,-1.2936359950420777,19.59714145306305,-3.176678226391915,30
1985,5,22.544538868056527,-1.7107153886565236,18.54664130264431,-3.1410764217273126,31
1985,6,21.788381843541128,-1.2246227976099278,18.996205282850287,-1.7550079857039147,30
1985,7,20.524745940309067,-1.318317280149028,18.010367976480637,-1.9528845270456499,31
1985,8,19.63422039682526,-1.2672400199613472,17.529926772193974,-1.5946196747712644,31
1985,9,19.32685289449092,-1.274116736853293,17.33842530853856,-1.5408255989277935,30
1985,10,19.879162851004903,-1.09991337304676,17.68051524273262,-1.7069430228222164,31
1985,11,20.887800090959697,-0.8243971493325718,18.483743619813488,-1.690234712682191,30
1985,12,22.340940524832178,-0.546626849720475,20.185827041866855,-1.1478809872513362,31
1986,1,24.469070197846285,0.005716908064402654,22.342167543058498,-0.4408296629359217,31
1986,2,25.819392142558467,-0.015243698140128312,22.753783057702893,-1.4389565732474936,28
1986,3,25.755749079439227,-0.4504863714789972,20.913131556050352,-3.149375645134269,31
1986,4,24.600315440919747,-0.7706522221624121,20.499768582118726,-2.2739406377394324,30
1986,5,23.195777063259058,-1.0595094549913977,19.871174779370843,-1.816289322791412,31
1986,6,22.112022810308403,-0.9009642062009917,18.740162338750213,-2.0115311330764505,30
1986,7,21.313863391406542,-0.5292134923686987,19.65080950502327,-0.3121636519868784,31
1986,8,20.83690221919035,-0.06452152610262557,19.09705191878469,-0.026800242111122537,31
1986,9,20.58474141990927,-0.016256800235197665,18.327918244262026,-0.5514855643044622,30
1986,10,21.12484353304606,0.14572664162504365,19.144687930652456,-0.24294954036716587,31
1986,11,21.71400723605483,0.001803508503140616,19.981351650192668,-0.19279488468196798,30
1986,12,23.01716510146506,0.12960237930591856,21.08364090813289,-0.24990553342808813,31
1987,1,25.08618673102097,0.6228935470112812,22.963774447548897,0.18110776647085214,31
1987,2,26.76749607806717,0.9328663169560605,25.704733085226053,1.511819759232224,28
1987,3,27.51735235997116,1.3111265504472156,25.625278346726912,1.5626881900572314,31
1987,4,26.55365035120919,1.1826670945497355,23.496293684034182,0.7225407382587816,30
1987,5,25.335837748743774,1.0805326870384417,21.700524754241005,0.01293062543571894,31
1987,6,23.813055793881862,0.8000909375746196,20.950507622717378,0.19889143910202722,30
1987,7,22.561748748308464,0.7186848532999979,20.337203886748206,0.37396435346062185,31
1987,8,21.634447012336505,0.7330391209794628,19.11740519566146,-0.006746902004442279,31
1987,9,21.407978666578327,0.8069915217040232,18.665102808957396,-0.2141832802814541,30
1987,10,22.28893164654791,1.3098243384164143,20.771786109955205,1.384472462561947,31
1987,11,22.625054931904476,0.9128233312215259,20.06013514268164,-0.11432026581783669,30
1987,12,23.30527524190646,0.4177086020125105,20.57488734807257,-0.7588319219191633,31
1988,1,24.290639960574204,-0.172659632999215,21.22948702705916,-1.5534651613984085,31
1988,2,25.574757289635375,-0.2713861562359577,22.32563162546722,-1.871851866829193,29
1988,3,25.51878296230176,-0.6874341034471658,21.291957317106135,-2.770724117618448,31
1988,4,24.397223356342447,-0.9737562750432386,20.41737409951416,-2.3564799240520475,30
1988,5,23.273089437089812,-0.9822311673233406,19.19569625862656,-2.491559455033803,31
1988,6,21.494678710884912,-1.5183429745050694,18.27964410565701,-2.4720302116490767,30
1988,7,20.228153158718758,-1.6148792628407376,17.8484863191003,-2.1144419825009875,31
1988,8,19.28960434485203,-1.6118318722751652,17.31189641102687,-1.8123129178173254,31
1988,9,19.14081726563394,-1.4602090919631117,16.96853682917295,-1.9106647121237508,30
1988,10,19.451777981716095,-1.5273241370531272,17.608143742670467,-1.7792295137781773,31
1988,11,20.507584854733686,-1.2046068389517135,18.258157312782714,-1.9159914558552529,30
1988,12,21.67342697471928,-1.214147713695201,19.105018617696814,-2.228588567815434,31
1989,1,23.985366712264508,-0.47793386641953717,21.703939061495145,-1.0788925577851163,31
1989,2,25.77714964954009,-0.057498186180007925,24.518392767393443,0.32552581193308283,28
1989,3,26.486048422827917,0.2798009896254161,25.369469679364894,1.3069257291706078,31
1989,4,25.48187109746483,0.11087964132356641,21.812390852739156,-0.961313341151505,30
1989,5,23.222393329886323,-1.0329361879412047,19.22317846508034,-2.464201654786289,31
1989,6,21.978815706621287,-1.0341868316915046,19.004687552353836,-1.7465452057854474,30
1989,7,21.17316338049352,-0.6698529947829867,18.70885456579424,-1.2543172520387595,31
1989,8,20.43359708027911,-0.4678756366986892,17.987658979998816,-1.1364955495868438,31
1989,9,19.846363575694586,-0.7545818319468532,17.89645619031664,-0.9827595912213105,30
1989,10,20.34852329649669,-0.6305598654051742,18.70331395003216,-0.6839828900934397,31
1989,11,21.266953571236286,-0.44523794370439124,19.35725336460602,-0.8170524375942372,30
1989,12,22.290300433355167,-0.5972830101881159,19.86746691238064,-1.46625327633634,31
1990,1,23.87271971940308,-0.5905987615790566,21.290847821270113,-1.4918252908846243,31
1990,2,25.59777225120126,-0.23682604349737016,22.66947676088361,-1.523234030586603,28
1990,3,25.965819703521074,-0.240399100029667,22.552021411702405,-1.5103149065872599,31
1990,4,24.853881867005665,-0.517119218575095,20.875418830624902,-1.8982963087060927,30
1990,5,23.93271303667998,-0.32260545258385454,20.92002826431185,-0.7673312112581674,31
1990,6,22.766916085228786,-0.2461005249159077,20.241958172781597,-0.5094625565421347,30
1990,7,21.01993896321485,-0.8231443548353725,18.39587022195321,-1.5674419987137849,31
1990,8,20.495190980554366,-0.40623085195437203,18.072714130534653,-1.0513921389544911,31
1990,9,20.079112858300306,-0.5218711278307562,18.15824236332161,-0.7208014742837996,30
1990,10,20.205525503411568,-0.7735916291111352,18.08078918498263,-1.3070940720604851,31
1990,11,20.84317813600338,-0.8690091808523703,18.552841346959294,-1.6214315072318095,30
1990,12,22.131202016598277,-0.756366761152691,19.776681726554944,-1.5568098076621693,31
1991,1,23.692421681035466,-0.7708709038934112,20.822661330854583,-1.9601038699949744,31
1991,2,25.666745261589327,-0.1678921333894899,23.33934165809061,-0.8534993298710001,28
1991,3,26.275831926907063,0.06958640648882664,22.771192397278416,-1.291337880122569,31
1991,4,24.99070305398084,-0.38024409969951545,21.013178086781714,-1.760405428044899,30
1991,5,24.507919204634444,0.25256365050065643,20.63461681051022,-1.0527981128302684,31
1991,6,23.04100001173228,0.027982749410970686,19.5715567655107,-1.180036689562741,30
1991,7,22.122630109735347,0.27959491316934615,19.055231491739587,-0.9077282086479065,31
1991,8,21.112981982560804,0.21157157800292767,19.37591605012998,0.25197882608531175,31
1991,9,20.862538488082063,0.26157058621360757,18.718240855531363,-0.1613219969844196,30
1991,10,21.23636669102612,0.25724389228086064,19.621578964434534,0.23386064559363168,31
1991,11,22.05983492823295,0.3476499585229481,21.132830010610377,0.9587553470709782,30
1991,12,23.22679659930469,0.33922666279657354,21.80697420543778,0.47335713011851566,31
1992,1,24.645928891176894,0.18260168845953925,22.765007971292547,-0.01794864866325478,31
1992,2,26.28175740000922,0.43556352414395694,24.826142367750624,0.6282354232500104,29
1992,3,27.407730706558784,1.2014887645965004,26.34108696004626,2.2783786120763727,31
1992,4,27.198470948809998,1.827496933044578,25.586663483553924,2.8129008767521086,30
1992,5,26.08123076847041,1.8259231200984096,23.55464831738175,1.867405952258713,31
1992,6,23.620473318730127,0.6074606706445997,20.365532585022624,-0.38594683643267996,30
1992,7,21.446849498742328,-0.39620487976374386,18.90009641210772,-1.0631777084830767,31
1992,8,20.716462521249987,-0.18499790355106,18.52841963045629,-0.5958662768389366,31
1992,9,20.426923464831447,-0.17409578576584878,18.158839113195967,-0.7205442564360307,30
1992,10,21.08447082863765,0.10537391258816398,18.977158923254017,-0.41003399283394304,31
1992,11,21.471956149576897,-0.24024462144080616,18.95567007315575,-1.2185120902440392,30
1992,12,22.40695281179953,-0.4806375475541276,19.503289522749267,-1.8302330319554263,31
1993,1,24.216998785408734,-0.2463438190954908,21.784860434827255,-0.9980739735947561,31
1993,2,26.114048457313924,0.27944952005125206,24.142763683794847,-0.05014575305746358,28
1993,3,26.796219807361805,0.5900197149016454,24.021760601819082,-0.0406698047438648,31
1993,4,26.172077591763635,0.8010861073268765,22.689360361869667,-0.08435354889149498,30
1993,5,25.113822735391,0.8585086574191378,21.80787736639304,0.12033203811088478,31
1993,6,23.557106400716634,0.5441396009921358,20.825292958061098,0.07387848327469704,30
1993,7,22.102895990085553,0.25985507720662443,19.97978728808522,0.016976853528175153,31
1993,8,21.09668624487724,0.19522859641841833,18.461186993012284,-0.6630259026475499,31
1993,9,20.975784583649094,0.3747908811216602,18.431656838108005,-0.44765214720500357,30
1993,10,21.291643989309254,0.3125459625893071,18.911360632082975,-0.47607045001324066,31
1993,11,21.736318549283112,0.024116677501770375,19.398921259842528,-0.7751443011112974,30
1993,12,22.45368349217771,-0.43391759185805723,19.79928733942575,-1.5345456363253158,31
1994,1,24.275590637588984,-0.18772409663354037,21.949811607282797,-0.8328357805651784,31
1994,2,25.720623568095217,-0.11401160046211366,22.6082590407582,-1.5848705813369077,28
1994,3,25.307987185280624,-0.898246020921211,21.536223877128613,-2.5266441128626935,31
1994,4,24.23303558261809,-1.1379624574014808,20.682753950968902,-2.091058412911153,30
1994,5,23.273355150472103,-0.9819696368207768,19.11554245321257,-2.571949913261529,31
1994,6,22.324894159672183,-0.6880922198435618,19.33694264812644,-1.4144597084938852,30
1994,7,21.25319607347605,-0.5898746324869582,18.802172298812692,-1.1606882873340216,31
1994,8,19.941718080312693,-0.9597564913445835,18.078802468668773,-1.0453771367117202,31
1994,9,20.146206276906607,-0.4547706312103427,18.107229686714692,-0.7720197129614119,30
1994,10,21.69373485016767,0.7146347643996106,19.900293235480095,0.5128458865428369,31
1994,11,22.35635211187901,0.6441251965156504,20.08065460434467,-0.09345607862846936,30
1994,12,23.547034549932704,0.6594336923054117,21.748914553148264,0.41511335448202824,31
1995,1,25.06444051862103,0.601148443946005,22.94141137814191,0.1584638373532066,31
1995,2,26.138417078627345,0.30382161816109277,24.007567012899983,-0.18549332264318033,28
1995,3,26.1422925821239,-0.06397719071567683,22.641378358075865,-1.4213851674511861,31
1995,4,24.41492648209723,-0.95609210597145,20.783416931926066,-1.9902446529290223,30
1995,5,23.178122600253865,-1.0771577161409458,19.26744578170008,-2.4198000961959374,31
1995,6,22.35714820282213,-0.6558581809172441,19.192038364885242,-1.5593583514826612,30
1995,7,21.352727924873605,-0.49033781880349625,18.676750360734772,-1.2863721701911495,31
1995,8,20.182262968029395,-0.7192001957130928,18.31742540761677,-0.8069541015677778,31
1995,9,20.32673957725155,-0.27424732400548213,18.811497626626466,-0.06771949516948678,30
1995,10,20.16407755845911,-0.8150071822911439,18.69580331713856,-0.6915577256686429,31
1995,11,21.60718269571857,-0.10500920569719366,19.22758200703636,-0.946645278382756,30
1995,12,21.974272299130618,-0.9133082966081869,19.63560173801199,-1.6979178443463279,31
1996,1,23.782705170488196,-0.6806373178062987,20.77710752868315,-2.0056745334767268,31
1996,2,25.525426247927683,-0.32068170697072945,22.654175943524304,-1.5438693017371365,29
1996,3,26.034552203448644,-0.17168509613811306,22.364676527650932,-1.6977924653721652,31
1996,4,23.809519196766868,-1.5614728756640792,19.507406544926567,-3.2663888423521534,30
1996,5,23.118255893399166,-1.1370667834195272,19.423486832505585,-2.263789903750021,31
1996,6,21.79519428651883,-1.217820228379137,18.55607365834591,-2.1952185178980295,30
1996,7,20.476948303666305,-1.3660954510063452,17.74474808013446,-2.2183873669875003,31
1996,8,19.749775750757824,-1.1516993852509119,17.802724020341664,-1.3210704229919101,31
1996,9,19.560364327250475,-1.0405911101081167,17.8528942313062,-1.026071871335232,30
1996,10,20.269153182227793,-0.7099513402112522,17.905879138992326,-1.4816343041196725,31
1996,11,20.40204171790913,-1.3101496783285498,18.69266968224717,-1.4814920980622106,30
1996,12,21.677631846201457,-1.2099653127529115,19.46096287809597,-1.872488286253169,31
1997,1,23.55425400278822,-0.9090903328391533,20.705981711963425,-2.0767150168342896,31
1997,2,25.580460281409017,-0.2542048909696758,23.081085190149114,-1.1117684225642008,28
1997,3,26.79801501482212,0.5917554791183935,24.44781229902886,0.3851844746242685,31
1997,4,26.49916988614172,1.1281930056301124,23.284799631429056,0.5111854023566204,30
1997,5,26.44334489062868,2.1880266090729847,24.23041099443902,2.542696458584407,31
1997,6,25.99035827684592,2.977381194815158,23.94237141899816,3.1908159937454634,30
1997,7,25.46141428422402,3.618380695892814,23.50615000081065,3.5431032376958376,31
1997,8,24.63150882211621,3.7299956668490855,22.392941163754674,3.2683056544836497,31
1997,9,24.286560785620946,3.685568822921285,21.847443122801145,2.96796012732451,30
1997,10,24.52861872933685,3.549507674445725,22.37727576348771,2.989856138435681,31
1997,11,25.46421537356262,3.75201252386137,24.58232048919417,4.408032948009159,30
1997,12,26.647179877456203,3.7596023913276113,25.821951804754683,4.488272364204304,31
1998,1,27.42799839083017,2.9646469690851593,26.854617675192795,4.071885602494611,31
1998,2,28.03892904244503,2.204276519482778,27.89274860589236,3.700073415025249,28
1998,3,28.553651891165234,2.3473751310531026,28.37093801847178,4.3083232183485665,31
1998,4,28.103429272999097,2.732405152126231,26.27785352096946,3.503887753392528,30
1998,5,27.49389003280455,3.238592511369514,25.897472208561442,4.209929960710984,31
1998,6,25.07264666451343,2.0596565941611895,21.66634042553192,0.9150236220472441,30
1998,7,23.422105206072445,1.579070771547975,20.11911402461103,0.1558728160009512,31
1998,8,21.927307645967673,1.0258796990944614,18.611450072687386,-0.5128688006312184,31
1998,9,21.096091973465725,0.4950690554964346,18.501543530462957,-0.37770352376165756,30
1998,10,21.739599397259255,0.7604797094598257,18.79988045763326,-0.5877803057733778,31
1998,11,21.48090678636349,-0.23126863672313366,18.56478717819848,-1.609592170659519,30
1998,12,23.073522693408627,0.18592342130849665,19.97971762709483,-1.3540000756597261,31
1999,1,23.747454947051818,-0.7158396889107546,20.814557849966768,-1.968052788871536,31
1999,2,25.615242679946014,-0.21941144314114308,23.48025429002226,-0.7127563841753825,28
1999,3,26.529523498995392,0.32329033420161113,23.25043093618103,-0.8120603224185176,31
1999,4,23.95886050735891,-1.412146589978976,19.52576701848439,-3.2483676774445747,30
1999,5,23.624099677698574,-0.6311973708833918,19.578392284869675,-2.1086510951745314,31
1999,6,22.229050549553747,-0.783966790752758,18.410080247947736,-2.3412910035181778,30
1999,7,21.014136127458748,-0.8289204884171704,18.231662136090236,-1.7313491750387768,31
1999,8,20.08370838375209,-0.8177270659906561,18.12100130242814,-1.003315787482639,31
1999,9,19.75117634786619,-0.8498284651282181,17.929365052772663,-0.950055062266153,30
1999,10,20.24877428397823,-0.7303272984901151,17.981057236582565,-1.4066801593177654,31
1999,11,20.687260288862493,-1.024953197183702,18.120976042888266,-2.0531671413413752,30
1999,12,22.195795795721573,-0.6917757390032592,19.82167078291604,-1.5119636400974934,31
2000,1,23.8720754397033,-0.591257786547971,20.949931798161472,-1.8330217954052936,31
2000,2,25.627494485234504,-0.21864819101842467,22.927595681134136,-1.2701075672584214,29
2000,3,25.73327770942487,-0.4729503434796829,21.899960170558643,-2.1626822453644916,31
2000,4,25.790159648004117,0.4191369253426849,21.84406600770648,-0.929797621042051,30
2000,5,23.83328240990518,-0.4220038619007173,19.87612589778372,-1.8110689097973942,31
2000,6,22.60304597396541,-0.40997222141706546,18.90373714189982,-1.8476560562908353,30
2000,7,20.796086985733854,-1.0469641863206802,18.243755316446812,-1.7191100794967553,31
2000,8,19.922978806163453,-0.9785063292187552,17.858003718135098,-1.2663511475959122,31
2000,9,20.077846212613657,-0.5231300219324576,18.03524219578936,-0.8441184453007203,30
2000,10,20.431791691784248,-0.5472724998928065,18.609882024870437,-0.7775497597803713,31
2000,11,20.663607990095223,-1.048610241312248,18.113532808398954,-2.06090796895069,30
2000,12,22.42366116055509,-0.46393006502798656,19.803510611276543,-1.5302987478315384,31
2001,1,24.07804493413384,-0.38527780119038774,20.911902355719604,-1.8710699906506207,31
2001,2,25.57834360154107,-0.25631697528472486,23.051506414091854,-1.14153303975301,28
2001,3,26.83273541371767,0.6265072299103888,25.109344138262752,1.0466919946605853,31
2001,4,26.10378348012483,0.7328158211835248,21.76392790528844,-1.0102370022896077,30
2001,5,24.08521405885736,-0.17011330909137543,19.794680472765204,-1.892895713876535,31
2001,6,22.40474157035852,-0.6082572591742955,19.127707432847494,-1.6239237169821858,30
2001,7,21.310501774601597,-0.5325554510410714,18.69094055847687,-1.272423759315604,31
2001,8,20.374730601970043,-0.5266869474781766,17.894349947848838,-1.2298262528439958,31
2001,9,19.91467761771272,-0.6863439482841212,17.742810353493045,-1.136310884011839,30
2001,10,19.91460322950646,-1.064485514466165,17.53775404104,-1.8496169456168698,31
2001,11,20.925145396047153,-0.7870789989468548,18.857974200033514,-1.3164636175797177,30
2001,12,22.251971956338853,-0.6355724668064457,19.870736925729172,-1.4626605742573193,31
2002,1,23.923902316298975,-0.539412882094351,21.167312728668016,-1.6157410599927584,31
2002,2,26.02548118211673,0.1908382103623025,24.28618660699328,0.09332970346791762,28
2002,3,27.262224759095464,1.0560152997360976,25.772147655359145,1.7098880236058345,31
2002,4,26.307589622179297,0.9366151391931246,22.794702239347746,0.020675545875914466,30
2002,5,25.20946633653331,0.9541650322735571,21.732982128091923,0.04572992720453523,31
2002,6,23.1560423024526,0.1430157329844011,19.317461216284144,-1.4337025185681584,30
2002,7,21.84503260014838,0.002011594518056487,19.4347008468485,-0.528565437556407,31
2002,8,20.801182753845662,-0.10025649541860134,18.64184150368301,-0.4825076335259055,31
2002,9,20.9773561533036,0.3763961603705739,19.280679510805836,0.40164248617858944,30
2002,10,21.81067702544418,0.8315739469434804,20.484245645512573,1.0967762471695162,31
2002,11,22.95531100473848,1.2430537724793893,21.204203551683705,1.0298593845982018,30
2002,12,23.855308990126122,0.9677459634174678,22.266584774020618,0.9330393592702083,31
2003,1,24.515234457659595,0.051922170518571654,22.136186533649667,-0.6464569631266923,31
2003,2,26.06435577816652,0.22969024864344348,23.295933393964056,-0.8971503960941055,28
2003,3,26.607002130777513,0.4007827541929318,23.287802247093865,-0.7745671993471647,31
2003,4,24.720670524515597,-0.6503159819847435,19.985569833026197,-2.7883147372535895,30
2003,5,22.698209215853254,-1.5571036813215935,19.38779965304612,-2.2993447867746806,31
2003,6,22.16211857675049,-0.8508786965301446,18.681825654771878,-2.0697677444574754,30
2003,7,21.37916421079145,-0.4638900835627584,18.149829117105046,-1.8134508400931697,31
2003,8,21.128304197880215,0.22683490841944348,19.903852268981137,0.7793452731586318,31
2003,9,20.436365326564555,-0.16460027163673532,18.267762439269564,-0.6115541408387785,30
2003,10,21.332733659219077,0.3536147100856223,19.47100595009701,0.0831254492296219,31
2003,11,22.248421420654594,0.5361844914471695,20.40268989780533,0.2287537275925616,30
2003,12,23.374579710408174,0.486992313065078,21.072144791098097,-0.26139013937602346,31
2004,1,24.76303847047259,0.29970777812611,21.778439896454266,-1.0042575348980487,31
2004,2,26.14446540436879,0.29830820103346034,22.999763837297312,-1.1980845286855655,29
2004,3,25.581901917980286,-0.6243516442798336,21.716826020460555,-2.3457000416128495,31
2004,4,25.47294849737123,0.10196936702291391,21.0770582453789,-1.6965030993466241,30
2004,5,23.44666887086562,-0.8086507778232971,19.770514324007376,-1.9169845816287387,31
2004,6,22.156402624855566,-0.8566401254939631,18.57532445412409,-2.176297984028593,30
2004,7,21.08419232751778,-0.7588249153239018,18.2582294002886,-1.7048546522624963,31
2004,8,20.29695981042593,-0.6044955492368982,18.15494441712288,-0.9694181767086942,31
2004,9,20.3836050846311,-0.21740258620808625,18.93908253755515,0.06005578823923611,30
2004,10,21.333902829224293,0.3548326080025182,20.10153475753761,0.7140376353093132,31
2004,11,22.633319095869318,0.9211319480964022,20.574954654604348,0.4009136650471883,30
2004,12,22.982905155955336,0.0953344720989294,19.723782662033415,-1.6100008106399197,31
2005,1,24.596986936030877,0.1303783632844798,21.920781564967385,-0.8658632504499052,31
2005,2,25.402508975192397,-0.4458938945621189,22.231513534212482,-1.9699632625709027,28
2005,3,25.068416148520683,-1.136938674961454,21.395217602775638,-2.667920816692698,31
2005,4,24.976052175509338,-0.39493986793596036,21.83020025688279,-0.9436888926118284,30
2005,5,24.48765364152313,0.2323292375885081,21.029288312193646,-0.6582131334475437,31
2005,6,22.426546207920854,-0.5864127222058889,18.517550678505614,-2.2338730663986155,30
2005,7,21.426906118892628,-0.4161588360280386,18.68634033906366,-1.2768694707602184,31
2005,8,20.35436784550898,-0.5470780777960892,18.193087078940113,-0.9308986213717111,31
2005,9,19.99884197105028,-0.6021497190464556,17.968039090858326,-0.9112184062098625,30
2005,10,19.882710853407684,-1.0963891027933206,17.52085019914721,-1.866325261161161,31
2005,11,20.459009280921833,-1.2532077241175612,18.807459261741222,-1.366999609091417,30
2005,12,22.21490682456578,-0.6726698828245986,20.37737741773356,-0.9565709931419869,31
2006,1,24.411033083153114,-0.055604523975187815,22.15041293997482,-0.6361522165597525,31
2006,2,26.658467534322767,0.8100775520809611,25.03474947945338,0.8332766316444488,28
2006,3,26.18833838422363,-0.017005481489337206,22.649230378460768,-1.4136484741054594,31
2006,4,24.235892080988577,-1.1351009113909405,19.51498821689842,-3.2586625342045012,30
2006,5,23.997248489241045,-0.25810880202669695,20.753762774334064,-0.9335659509616895,31
2006,6,22.843538626108867,-0.1694696796536078,19.519604400513774,-1.2319468364326804,30
2006,7,22.058092133955252,0.21505148288198359,19.19636487443188,-0.7670238706434862,31
2006,8,21.68252243948375,0.7811030894537866,19.441945697933956,0.3181181804916802,31
2006,9,21.834099620840433,1.2331280039806907,19.436212207516615,0.5569672195230917,30
2006,10,22.61396236663777,1.6348612049285187,20.73960565070067,1.352115662103665,31
2006,11,22.91376479612749,1.2015631796957067,20.518936616965437,0.34452945775395105,30
2006,12,23.977898652221793,1.09030696714299,20.939232972508506,-0.3946765276509279,31
2007,1,25.124223312752658,0.657611881515839,22.780845713606325,-0.005906322450942765,31
2007,2,26.219390608982152,0.3709495543607692,22.77674879735778,-1.4249147978843073,28
2007,3,26.06018229154497,-0.14517067725786356,22.15990764109188,-1.9024809364512354,31
2007,4,24.92446707715834,-0.44652380548159637,20.558754230189315,-2.2148904339085282,30
2007,5,23.30594722358429,-0.9493904509589226,19.144423824166804,-2.5428096239171207,31
2007,6,22.27325220118236,-0.7397199070527554,19.363167364717714,-1.388065002512984,30
2007,7,21.181188760682726,-0.6618391066602966,19.06018812250391,-0.9029103053950788,31
2007,8,19.931888765584954,-0.9695536533978855,17.532396683942313,-1.591772275033913,31
2007,9,19.621455342810247,-0.979534794485003,18.189499804545708,-0.6894550734349698,30
2007,10,19.42798558773167,-1.551116456903784,17.2661236820346,-2.121108252854804,31
2007,11,19.830594245386866,-1.8815683218840107,17.38670022896075,-2.7874061540179826,30
2007,12,21.14941960355413,-1.7381639007655016,18.356479769129756,-2.9770171153108276,31
2008,1,24.269357196964325,-0.19393462391950103,22.306502953431437,-0.47669350785510073,31
2008,2,26.370035508107346,0.5238999861640035,24.94490251356145,0.7473896742364284,29
2008,3,27.12543793876652,0.9192410928302787,24.883141878198654,0.8206715881516873,31
2008,4,25.929716207244468,0.5587472770763717,21.3642544814877,-1.4098998157145253,30
2008,5,24.578646324455445,0.3233505682051178,20.101463853566003,-1.585663292603181,31
2008,6,23.626667774331725,0.6136623367660603,20.33192991567544,-0.41983146255654225,30
2008,7,22.808528975408787,0.9654979430222727,20.50302898307925,0.5399854625241167,31
2008,8,22.15483592598866,1.2533927222566477,19.88697928544794,0.7625790779241136,31
2008,9,21.81954030934566,1.2185319532033982,19.11372826269057,0.23424722175685492,30
2008,10,21.420685030553113,0.44161766915751677,18.30996638546469,-1.0773916849961365,31
2008,11,21.69116119873512,-0.021045310056494383,18.68915139330988,-1.485010275311331,30
2008,12,22.55986741947376,-0.32769027094081316,19.316338123314548,-2.0171475202524882,31
2009,1,24.3177282641523,-0.14887645831432686,21.41608995941396,-1.3704940580093927,31
2009,2,25.723665138660756,-0.12474493609260714,22.08945767417371,-2.112054184716272,28
2009,3,25.921483439656292,-0.28383927122385755,21.96135257972644,-2.101644193926686,31
2009,4,25.87052575511016,0.4995935787173709,20.698745518512318,-2.0753212710113376,30
2009,5,24.982835226459926,0.7275187555040992,20.88018769016262,-0.8069680445743869,31
2009,6,23.906553825619735,0.8935571168686681,20.650476629251134,-0.10091450270843809,30
2009,7,22.906898128476797,1.063876464993044,19.85858051545891,-0.10415852874258942,31
2009,8,21.778602552151067,0.8771285728959819,19.28283372694406,0.15866919946605854,31
2009,9,21.34443663948915,0.7434367326572772,18.661088457027983,-0.2181817166471212,30
2009,10,21.241086929632658,0.2619853792221677,18.61843151984177,-0.7691704451494007,31
2009,11,21.949847948990797,0.2376668046934629,19.312016306472334,-0.8621214050371362,30
2009,12,23.507552568507194,0.6199729845939388,22.051521733256237,0.7179709142397009,31
2010,1,24.57624406712961,0.10963955103534107,22.394136695507445,-0.3922868152119284,31
2010,2,25.807111194781662,-0.04127300586278669,23.440487219682645,-0.7612524232343301,28
2010,3,26.443240088885698,0.2379032612036466,22.832139386831972,-1.230726387410222,31
2010,4,26.276180634288327,0.9051945108123305,22.70257346289161,-0.07129072429776047,30
2010,5,24.680824625066986,0.4255015982835167,21.287873475321426,-0.39964358864887944,31
2010,6,23.335400827746735,0.3223696730283221,20.11948065002513,-0.6320767856145642,30
2010,7,20.772643130559967,-1.070396180095047,18.520788536470693,-1.4422212074211376,31
2010,8,20.019617872591247,-0.8818560906349862,17.73919157582996,-1.3852559730651386,31
2010,9,19.276387927072147,-1.3245824399548947,17.467680348467077,-1.411724632825152,30
2010,10,19.513858489896887,-1.4652215530445665,17.23441506925567,-2.1530463848161743,31
2010,11,20.374904422654616,-1.3372974981262842,17.991413078684317,-2.1826399731948403,30
2010,12,21.647993489320527,-1.2395867551178061,18.816523327514748,-2.5170945584444366,31
2011,1,23.874633336490213,-0.5919715449299252,20.28165008457677,-2.5047330022319625,31
2011,2,26.038318854322405,0.18989301863420896,22.460383828351247,-1.7412789292295918,28
2011,3,25.952247530845366,-0.25307273428902144,20.990545560665595,-3.072427109960604,31
2011,4,25.497861126409124,0.1268963750022431,20.63554112916737,-2.1382725749706823,30
2011,5,24.6944256698318,0.43910403823217575,21.175196364009757,-0.5121739741351824,31
2011,6,23.474727430203377,0.46168181510758527,20.900324007371424,0.14874741721114648,30
2011,7,22.189806662526752,0.3467555225300477,19.565588605645306,-0.39758477942487813,31
2011,8,20.885358385241442,-0.01607983349693988,18.273523581515253,-0.8506106820724284,31
2011,9,20.001831742574478,-0.5991752691867585,17.251202378957952,-1.627930474116268,30
2011,10,20.070538038693552,-0.9085495759082151,17.480436826831106,-1.9069481568750377,31
2011,11,21.006861464574698,-0.7053413416480683,17.94117412185179,-2.232853911878037,30
2011,12,22.156115774338954,-0.7314484258199682,18.437402925869684,-2.896184642156519,31
2012,1,23.82906210057105,-0.6342421821288503,20.599098838623213,-2.1834759699306634,31
2012,2,25.901935886505502,0.055791863063329485,23.607478061940725,-0.5899202199871751,29
2012,3,26.434608364771154,0.22839723974012305,22.1307413572274,-1.9316071747037116,31
2012,4,26.44848333050375,1.0775072174211895,22.53567900820908,-0.23808393365722913,30
2012,5,25.359474724332657,1.104185805083808,21.11513389069333,-0.5722031571722719,31
2012,6,24.438361372096793,1.4253484631406375,20.851340090467417,0.09969442117607644,30
2012,7,22.0766679017839,0.23364939399334997,18.66992731262059,-1.293119126238253,31
2012,8,20.985846235388145,0.08438855553933361,18.196878874183287,-0.9272105880381976,31
2012,9,21.214304492634245,0.6133201862809651,18.876419165689402,-0.0025666499134416655,30
2012,10,20.502004358797215,-0.4770639015535899,17.674740460119224,-1.712509633104373,31
2012,11,21.587498294678994,-0.12468478820478204,18.867663874462508,-1.30644144747864,30
2012,12,22.361869456749247,-0.5257121935588047,19.365102708077767,-1.9688109533665885,31
2013,1,24.35987085500521,-0.10341187881763736,21.79975729440821,-0.983131826263653,31
2013,2,25.900589465617458,0.06595385488138678,21.965244178254313,-2.2276802168345986,28
2013,3,25.949253004320244,-0.2569622107564994,22.50253859997082,-1.5601459692281092,31
2013,4,24.424446602263373,-0.9465545640630691,19.98090232869828,-2.7929588987546774,30
2013,5,23.09667301434097,-1.1586146038940381,18.902079291392628,-2.785115516188481,31
2013,6,21.193539355580484,-1.8194315345681227,17.826867146925785,-2.9245946836432686,30
2013,7,20.03208065911983,-1.8109828545339637,17.02118747939624,-2.941877117796789,31
2013,8,19.87554154635518,-1.0258819257783616,17.765847145736846,-1.358332027302353,31
2013,9,19.95018543348011,-0.6508033456315209,17.86605210252974,-1.013211649075781,30
2013,10,20.323949387888977,-0.6551168882152607,18.032182242662362,-1.355309637427786,31
2013,11,21.125884509528646,-0.5863394189347911,19.37285190149104,-0.8015194058189538,30
2013,12,22.90390754039053,0.01632100526964044,19.730102681056433,-1.6036803052329516,31
2014,1,24.7264979404844,0.25988270705455424,22.854980247407315,0.06844892157869424,31
2014,2,25.111818171533375,-0.7365812243824719,21.14321392671661,-3.0582781873010556,28
2014,3,25.643631641298413,-0.5617292651582472,21.018567869476172,-3.0443936683618054,31
2014,4,25.230567798762447,-0.14040139779736804,21.28682693918579,-1.4865989277936011,30
2014,5,25.19610732108822,0.9408158572485898,22.471331881387176,0.7839348461675651,31
2014,6,24.480971798364955,1.467995144907434,21.99890165856928,1.2473073658345901,30
2014,7,23.29413476767219,1.4511121391139108,19.935139511130092,-0.027877960862304676,31
2014,8,21.93608579358305,1.0346806498497485,18.72004755754193,-0.4041289133642099,31
2014,9,21.38953102911395,0.7885192554282484,18.529185681577037,-0.35028664767967843,30
2014,10,21.37403630670221,0.39493553970503303,18.829014207815657,-0.5584859948443301,31
2014,11,22.44800129469142,0.735828093836138,19.14167353548892,-1.0322800022337635,30
2014,12,22.737971532373976,-0.1496007016124688,19.447705456687512,-1.8861212501148408,31
2015,1,24.602231491908938,0.1356040304180782,21.635812828646937,-1.1506297050891976,31
2015,2,25.512075951364448,-0.3363432398122913,22.46550606706077,-1.736425998611876,28
2015,3,26.64030117602837,0.43496939010900704,23.351510114084064,-0.711526489010425,31
2015,4,26.62534242170771,1.2543910423369602,21.980931200089355,-0.7927513262969793,30
2015,5,25.95714851620971,1.7018063342010783,22.95884548662714,1.2712385497111423,31
2015,6,25.137351410012727,2.124365090538677,21.943050315519077,1.1917631093985595,30
2015,7,24.362279505865878,2.5192393042701484,21.269209409908182,1.3061672404195876,31
2015,8,22.719769609010605,1.8183138553034788,19.956913461486497,0.8327254794935125,31
2015,9,22.894089756755356,2.2930959707217573,20.74529535935668,1.8657280393142346,30
2015,10,23.208627664123092,2.2294866632053143,21.031270867222588,1.6437325104437441,31
2015,11,23.815388283871393,2.1031838799884626,21.835573742112032,1.6613677891327419,30
2015,12,25.058101556955627,2.1704888152211677,23.74133290819774,2.407775928317814,31
2016,1,25.749274832367615,1.2859162510390403,23.05673117559002,0.2737563432573675,31
2016,2,27.079387536551465,1.23322781874873,24.855176342135522,0.6574725160455457,29
2016,3,27.60810568840935,1.4018641211230545,24.25498970487303,0.1924773155929291,31
2016,4,25.896589560067216,0.5255988906786343,21.42578617300498,-1.3481946166303682,30
2016,5,24.859857868909984,0.6045633856227809,20.40450375326283,-1.2828412388739672,31
2016,6,23.44505377523991,0.4320820831556239,18.999846093706378,-1.751683643267997,30
2016,7,22.20079949305875,0.3577142715744904,18.67140883813683,-1.2915322175325201,31
2016,8,21.29445732560971,0.39302002118755897,18.351192991747688,-0.772882365339199,31
2016,9,21.25936672270554,0.6583759649798419,18.613785726252306,-0.2654102306360642,30
2016,10,21.449847631774084,0.470734377581743,18.292294921611123,-1.0952051189208765,31
2016,11,21.95064640709347,0.2383956855583942,18.804741665270573,-1.3694312838554756,30
2016,12,23.278963980883383,0.39133546869692337,20.18857932652036,-1.1449934878593164,31
2017,1,25.557581067924016,1.0909703152447447,22.883728078945527,0.09710093547846674,31
2017,2,27.223113331436444,1.3747276608066397,26.409016226695076,2.2071699016346367,28
2017,3,28.400298177952745,2.1949400985965495,27.892811947751564,3.829920719415908,31
2017,4,26.37647815587921,1.0054621040528804,21.785740101636232,-0.9884158708884795,30
2017,5,24.80754179239906,0.5522279314854573,20.334363026172863,-1.3531967855425076,31
2017,6,23.123887449499428,0.11089665174596987,19.95570732115933,-0.7956131680348467,30
2017,7,21.538600551207775,-0.30446378860314594,18.49559644183118,-1.4675686747118175,31
2017,8,20.645466911704307,-0.2559674173498878,18.110772972184243,-1.0135698420333015,31
2017,9,19.962712937389664,-0.6382750246032765,17.88967146925784,-0.9895027642821246,30
2017,10,19.931949356231883,-1.0471451588191967,17.548939196601808,-1.838465350547723,31
2017,11,20.622391487473394,-1.089834712911165,17.946323002177927,-2.227779192494556,30
2017,12,21.67960805020367,-1.2079587980662174,18.97684099027773,-2.356545485005864,31
2018,1,23.77019461577952,-0.6964511186782452,20.32927572025357,-2.4573729862353346,31
2018,2,25.563005175117574,-0.2854141092273067,23.11322990211331,-1.088786468180839,28
2018,3,25.68153372571234,-0.5238479068035955,20.822901982825247,-3.2401998497614017,31
2018,4,24.669235124507107,-0.7017499189092568,19.206335120344008,-3.567473781202883,30
2018,5,23.901221444982948,-0.354122353274954,19.468786742254345,-2.21825063905447,31
2018,6,22.413484456112318,-0.5995341374774517,18.729465572122635,-2.0220085999888315,30
2018,7,21.56926873202837,-0.27378465602408825,18.67218126989446,-1.2908095590659268,31
2018,8,20.800115885739956,-0.10129527752001656,18.461420133053036,-0.6625803209053229,31
2018,9,20.760401515810308,0.15942385130649261,18.64866700173117,-0.23055369408611176,30
2018,10,21.307309435863548,0.3282132204113849,18.623216565156543,-0.7641946832829839,31
2018,11,22.537235655910205,0.8250197750991372,20.69578516781148,0.5213890098844027,30
2018,12,23.756376196842666,0.8687932976146703,21.288001340258003,-0.045600549073438586,31
2019,1,25.365014250376273,0.8983771608484575,22.887098881857344,0.1005570717524414,31
2019,2,26.71070833478751,0.8623136726978438,24.15972470861356,-0.04189933705095374,28
2019,3,26.937516907503355,0.7321767651746116,22.630586579045502,-1.4325722145061313,31
2019,4,26.0488703472892,0.6778777531169888,21.61154682526387,-1.1623451722789975,30
2019,5,24.63570287341065,0.380392966296929,20.163566275217658,-1.524035689773508,31
2019,6,23.109267473847325,0.09625642411217719,19.346532082425874,-1.4047607081029763,30
2019,7,21.244956038687942,-0.598071322408468,18.233816006355422,-1.729186766033107,31
2019,8,20.42286867814452,-0.47858211928747724,17.7759940336902,-1.3480406292727485,31
2019,9,19.88442122327627,-0.7165674364421107,17.612531468140954,-1.266409113754398,30
2019,10,20.05682475476755,-0.9222745015039798,17.77401126249061,-1.6134681337447787,31
2019,11,21.63544662572794,-0.07676098037673089,20.14267292120401,-0.031461942257217844,30
2019,12,23.205745899702514,0.318144383553849,20.8061795081037,-0.5274129778046791,31
2020,1,24.520228732664155,0.05687552569843006,21.13616340339064,-1.6468455839039342,31
2020,2,26.257918732725532,0.4117374763171003,23.242591666137113,-0.9551346901519921,29
2020,3,26.945670877686158,0.7394488403010824,23.055318770637548,-1.0071016920757248,31
2020,4,25.7806056181047,0.40961692456973653,20.33935008655833,-2.4342739710727654,30
2020,5,24.27559956035342,0.020277647579920517,19.987951999308255,-1.699378833651284,31
2020,6,22.25561433173632,-0.7573643631374593,18.76303244541241,-1.9882224828279447,30
2020,7,20.846538235849238,-0.9965019363601193,17.64368095374489,-2.319767022087236,31
2020,8,20.210535233632765,-0.6909048451279252,17.94600014051092,-1.1782704727111586,31
2020,9,19.958355721969895,-0.642643065464732,18.25339934103982,-0.6256286926900099,30
2020,10,20.305931200676834,-0.673199067544395,18.280086468258048,-1.1072746285918107,31
2020,11,21.078184049071318,-0.6339970841839241,17.815190037415537,-2.3588744625006983,30
2020,12,22.026757378545234,-0.8608259681566854,19.165910051394572,-2.167962537627204,31
2021,1,23.759992678791534,-0.7066366106638496,20.707710374569686,-2.0787265387296743,31
2021,2,25.459342262878355,-0.38906843225615306,21.852319005337105,-2.3494067563363097,28
2021,3,26.071408012909703,-0.13393922154756793,22.453431492820442,-1.609670880192824,31
2021,4,24.40476733789097,-0.9662355772349638,19.135483330541135,-3.6382013737644505,30
2021,5,23.663415132020194,-0.5919134280793767,20.049061873442906,-1.6386073746615586,31
2021,6,23.173706394919538,0.16069376408736,20.24611559725247,-0.5054631149829678,30
2021,7,22.18103111226399,0.3379851890123365,19.35629542961214,-0.6068078621263625,31
2021,8,20.946045316557086,0.04460038236984617,18.30474121671648,-0.8193010122190457,31
2021,9,20.92353921548333,0.32252348525942826,19.19785648070587,0.3188033171385493,30
2021,10,20.708496526199486,-0.2705847923767533,17.6154860326742,-1.7719511562427381,31
2021,11,20.88996410544143,-0.822260199145061,18.255735578265487,-1.9183665605629086,30
2021,12,21.366575340123603,-1.5210152630031597,18.9427704429877,-2.3907836185885145,31
2022,1,23.864161574034405,-0.6024610053150553,21.30239187414545,-1.4842937975237656,31
2022,2,24.655310904126807,-1.193081994424108,21.836095601081784,-2.365262487135917,28
2022,3,25.9148653557505,-0.29045792749559285,23.22416096066235,-0.8388993671604369,31
2022,4,24.217598858932494,-1.153360835862672,20.043978723404262,-2.729775283408723,30
2022,5,23.25642225727511,-0.9988517764516222,19.476785002080646,-2.210278643961544,31
2022,6,21.768490236674555,-1.2444823822596927,18.37642246049032,-2.374824593734294,30
2022,7,20.770591513836496,-1.0724564437520567,18.10074368106184,-1.862296218634991,31
2022,8,20.470227705477722,-0.4312354228675751,18.290564799853005,-0.8338175735925941,31
2022,9,19.6641718336998,-0.9368447881771776,17.750171162115375,-1.1292963087060928,30
2022,10,19.184716173939893,-1.7944003428051325,16.963601132734187,-2.423940358519016,31
2022,11,20.443115619526377,-1.2690834592827842,18.07012810632714,-2.103822080750545,30
2022,12,22.54948297054333,-0.33810680375488067,20.226625468144558,-1.1069923097293006,31
2023,1,24.18227757638484,-0.28434778865710936,20.505787644766784,-2.2804997865314887,31
2023,2,26.871830012014282,1.0234165395834225,24.0732741186607,-0.1285287078476893,28
2023,3,28.019255991041977,1.8139249277596696,26.284445225060672,2.2216024729921804,31
2023,4,28.169044205151963,2.798057622736879,27.289351091751836,4.515497068185627,30
2023,5,26.58455130449355,2.329244909048575,23.747023114046232,2.0597023330216886,31
2023,6,25.93109493414055,2.918104634663775,23.439325459317583,2.6880857765119788,30
2023,7,25.13073274196416,3.2876845486169866,22.445524727219677,2.4824272720885863,31
2023,8,24.261147703276407,3.3597156703647633,21.265510351871768,2.1414040283399722,31
2023,9,23.517749170803977,2.916743996179422,20.500538392807282,1.6212110347908644,30
2023,10,23.374677371935878,2.3955813394806027,20.135617194213115,0.7479999891914678,31
2023,11,23.911198621250357,2.198968394624132,21.151810018428552,0.9771659127715421,30
2023,12,24.259477451920286,1.3718965556392484,21.511025405455072,0.1776373088916391,31
2024,1,25.391512174163832,0.9281664066197335,23.02815790184772,0.2453723809575279,31
2024,2,27.052141161861073,1.205980302481443,25.141250541591326,0.9436334856528849,29
2024,3,26.800025245546315,0.593804521864712,22.338471943752406,-1.7241001086257488,31
2024,4,25.703902346041463,0.3329097601508354,20.959346568381086,-1.8144428994248059,30
2024,5,23.766010393551348,-0.4893376744096587,19.164687606396495,-2.522565188960166,31
2024,6,22.473433830643938,-0.5395585337137342,19.08238644105657,-1.668690791310662,30
2024,7,21.430910435213224,-0.4121464197607703,18.75443036332882,-1.2086083474294613,31
2024,8,20.727365738774843,-0.17407846476088937,18.544249806797488,-0.5800670669426446,31
2024,9,20.33641214318349,-0.26458019356877993,17.980158429664378,-0.8989097001172728,30
2024,10,20.623081257666364,-0.35604277396994505,18.75402126038295,-0.6335735169342678,31
2024,11,22.044076189411413,0.33188022931772,19.450779136650475,-0.723535935667616,30
2024,12,22.772979317753148,-0.11458302906216587,19.36816535973498,-1.9653123395608496,31
2025,1,24.248621115753366,-0.22126055870486674,20.975393924163736,-1.8154388786508078,30
2025,2,26.71416336905857,0.8657628787874352,24.692443577531535,0.49071931168178456,28
2025,3,27.72698749704301,1.5216981536956866,25.097576564940365,1.0346872280978605,31
2025,4,26.229809655526445,0.85885688760616,22.18279538727872,-0.5911079466130565,30
2025,5,24.638403030854732,0.3830725679889947,20.353417765984478,-1.3339614351569131,31
2025,6,23.651612178518366,0.6386391482642451,20.045630423856597,-0.7060452895515722,30
2025,7,22.409975215952926,0.5669421973162514,19.928516582990614,-0.034485865141943,31
2025,8,21.136257093965124,0.23478058748389918,18.49565340279617,-0.6282950621220394,31
2025,9,20.48737286351773,-0.11359014875147866,18.741759479533147,-0.13750628245937346,30
2025,10,20.935165879936157,-0.043951614572904814,19.049126022081833,-0.338321380898081,31
2025,11,21.310062957472557,-0.4021509198795852,18.994196515329207,-1.179807393756632,30
2025,12,22.42282699093537,-0.4647962811306647,19.31829571063398,-2.0153737320240603,31
2026,1,24.28114289259732,-0.1854794850549706,21.26814136479337,-1.5183432681758984,31
2026,2,26.91959923673153,1.0712085712570247,25.431537228059263,1.2296843812076685,28
2026,3,27.770108831012312,1.5647627586516408,24.672548705948486,0.6096619631537137,31
2026,4,27.209060686241653,1.8381064145193171,22.598277712626352,-0.17563165242642545,30
2026,5,26.410748877074095,2.155449737386208,23.319395911132254,1.6321864579899372,31
2026,6,26.078327946147386,3.06537480279421,24.479680013402586,3.7282437594236884,30
2026,7,25.618005614930155,3.3924039726872612,22.967241078907705,2.7257101692075727,10
2026,8,,,,,0
2026,9,,,,,0
2026,10,,,,,0
2026,11,,,,,0
2026,12,,,,,0
