reservorio,anio,mes,agua_ha,cobertura_valida,n_escenas
Poechos,2013,1,0,0,0
Poechos,2013,2,0,0,0
Poechos,2013,3,49.36847914428711,0.02265425927639072,1
Poechos,2013,4,0,0,0
Poechos,2013,5,4521.111797351217,0.9820500002907184,2
Poechos,2013,6,5600.3321965555115,0.9951312218897755,2
Poechos,2013,7,5873.151529651166,0.9954622787820147,2
Poechos,2013,8,130.56559322174672,0.1577576883192953,2
Poechos,2013,9,4868.612165712268,0.9928426105645443,1
Poechos,2013,10,4018.793792579321,0.9817108476791265,2
Poechos,2013,11,2634.165368054822,0.9405657742932534,1
Poechos,2013,12,2183.3680405319155,0.9382323531333513,2
Poechos,2014,1,1481.4961219988893,0.46066873638563927,1
Poechos,2014,2,2217.259198546382,0.9745320687742195,2
Poechos,2014,3,4422.752311807813,0.9954117169241182,2
Poechos,2014,4,5505.929086590048,0.9941780787068337,2
Poechos,2014,5,0,0,2
Poechos,2014,6,1950.3502343072637,0.47459425990909465,1
Poechos,2014,7,6069.114871239276,0.9953046969766752,2
Poechos,2014,8,5907.107410750086,0.9953029447443235,2
Poechos,2014,9,5876.361503154631,0.9952311774804071,2
Poechos,2014,10,4673.654801232239,0.991468335795729,2
Poechos,2014,11,3269.0509312869563,0.9883464167795653,1
Poechos,2014,12,2763.1504302656112,0.9760119322164145,2
Poechos,2015,1,3299.108134426844,0.995440606206519,2
Poechos,2015,2,2501.141601151147,0.45339191186185945,1
Poechos,2015,3,264.65141428222654,0.0347085537651286,2
Poechos,2015,4,0,0,0
Poechos,2015,5,5645.719053324261,0.958832724062524,2
Poechos,2015,6,0,0,1
Poechos,2015,7,35.559773364257815,0.09211384820031768,2
Poechos,2015,8,0,0,2
Poechos,2015,9,5271.44606030472,0.9955200558153543,2
Poechos,2015,10,3824.722006256582,0.9541635569216603,2
Poechos,2015,11,0,0.01210460352408181,2
Poechos,2015,12,2889.8603536610567,0.9863344789739538,2
Poechos,2016,1,65.23509005737304,0.031719947280345745,2
Poechos,2016,2,3454.2996958155013,0.9949066692046241,2
Poechos,2016,3,85.34809013963887,0.06464545785048546,1
Poechos,2016,4,4604.7614365771715,0.7453785202949301,2
Poechos,2016,5,5555.171940771197,0.9955706093068378,2
Poechos,2016,6,5320.944119474357,0.969574950058371,2
Poechos,2016,7,5480.291356318167,0.9583703313729949,2
Poechos,2016,8,5364.570967859892,0.9955200558213483,2
Poechos,2016,9,4340.068854049503,0.9939240074489046,2
Poechos,2016,10,3304.6333817493874,0.995527269149726,2
Poechos,2016,11,2623.8558253699925,0.9925662045135119,2
Poechos,2016,12,1588.9103881664562,0.8643371388593012,2
Poechos,2017,1,2700.536397360481,0.9647241153711666,2
Poechos,2017,2,3015.458887158587,0.8772498268887486,1
Poechos,2017,3,3122.730764275309,0.6697747796972358,2
Poechos,2017,4,1062.9821500531123,0.34212290748805096,2
Poechos,2017,5,359.23048108025046,0.056698293151368484,2
Poechos,2017,6,0,0.00045240474987651673,2
Poechos,2017,7,0,0,2
Poechos,2017,8,14.88892326944988,0.009869513112276808,2
Poechos,2017,9,5246.215207652732,0.9950506040805883,2
Poechos,2017,10,4618.628456830646,0.9289861727800859,2
Poechos,2017,11,4431.080727472092,0.9955922750819519,2
Poechos,2017,12,4004.590830857868,0.9945089163116558,1
Poechos,2018,1,636.001013341591,0.12964756100178956,2
Poechos,2018,2,125.605524805238,0.14884944957758373,2
Poechos,2018,3,4199.594593949838,0.9695969766675933,2
Poechos,2018,4,5569.28180363571,0.9952961632183791,2
Poechos,2018,5,5497.496382285277,0.9919379177556745,1
Poechos,2018,6,5369.03141046406,0.9955850523398146,2
Poechos,2018,7,5317.694981930842,0.9955417186209228,2
Poechos,2018,8,4908.567657979283,0.9951228391529866,2
Poechos,2018,9,1188.1868214886115,0.5984787242038782,2
Poechos,2018,10,2610.6864598036345,0.9256299961466633,1
Poechos,2018,11,2261.2660466160914,0.9510739364984394,2
Poechos,2018,12,0,0,1
Poechos,2019,1,2913.9354682211488,0.9954189387336736,2
Poechos,2019,2,3065.6186918490307,0.9955706081319222,2
Poechos,2019,3,3379.0027582313223,0.9954916772506566,2
Poechos,2019,4,5882.61742878947,0.9955200524238493,2
Poechos,2019,5,690.3892825135713,0.10125562988071567,2
Poechos,2019,6,5563.681057441024,0.9953322813887833,2
Poechos,2019,7,5867.610949474069,0.9955778300261254,2
Poechos,2019,8,3682.3245870040832,0.5157632181000243,1
Poechos,2019,9,5474.8358144762005,0.9955489435598625,2
Poechos,2019,10,1947.0183166868687,0.4281739039671845,2
Poechos,2019,11,4110.021162939957,0.9877435715479045,2
Poechos,2019,12,3779.373700948368,0.9952239393107805,2
Poechos,2020,1,1653.685801043701,0.3389824557766222,2
Poechos,2020,2,172.3067780174345,0.1928997128878862,1
Poechos,2020,3,1287.6269995421644,0.45511595500407537,2
Poechos,2020,4,5421.334083285823,0.8459391606053881,2
Poechos,2020,5,5742.545082300691,0.9954550571796709,2
Poechos,2020,6,0,0,1
Poechos,2020,7,5770.571971117591,0.9954983899690647,2
Poechos,2020,8,5642.798385568299,0.9953683903345103,2
Poechos,2020,9,4814.244983903426,0.9955778312094505,2
Poechos,2020,10,2955.207833505165,0.5585003427118038,2
Poechos,2020,11,1467.076730123243,0.7383549351804376,1
Poechos,2020,12,2305.3018866024727,0.9354646243723925,1
Poechos,2021,1,3070.6856699940163,0.9953033879481284,2
Poechos,2021,2,2729.9105867715043,0.9952239469229271,2
Poechos,2021,3,5497.8625965846895,0.995556161052983,2
Poechos,2021,4,308.8829224609375,0.06710343441415567,1
Poechos,2021,5,5547.357260972016,0.961751077511201,1
Poechos,2021,6,0,0,1
Poechos,2021,7,5918.149523861515,0.995461684017999,2
Poechos,2021,8,4480.4007836046185,0.8298896713392268,2
Poechos,2021,9,23.43860844116211,0.05600829231415347,2
Poechos,2021,10,3947.6331833312997,0.9832509457384802,2
Poechos,2021,11,2762.9325559368303,0.9342695852338625,2
Poechos,2021,12,0,0,1
Poechos,2022,1,532.4485773603134,0.09346423017280182,2
Poechos,2022,2,0,0,1
Poechos,2022,3,5782.468668577523,0.9955056104059496,2
Poechos,2022,4,5846.42431118042,0.9953350903315076,2
Poechos,2022,5,5942.6447264163535,0.9955002877463557,2
Poechos,2022,6,6011.695778891243,0.9955706062576493,2
Poechos,2022,7,6111.151164741811,0.9926701007795792,2
Poechos,2022,8,5966.108827321038,0.9951521633344941,2
Poechos,2022,9,4948.05692323575,0.9561290206414341,2
Poechos,2022,10,4235.081616660158,0.9450001869335577,2
Poechos,2022,11,1630.256827162631,0.614328622734626,2
Poechos,2022,12,2370.756688675848,0.9213068663391876,2
Poechos,2023,1,198.92861249167052,0.31625968659638337,2
Poechos,2023,2,2441.472862534898,0.8578096863508458,1
Poechos,2023,3,2582.19254107051,0.5640777518314505,2
Poechos,2023,4,735.0053796096622,0.0970241209465749,1
Poechos,2023,5,516.3175526794433,0.14442720026875844,2
Poechos,2023,6,3159.600648626709,0.5620240156442574,2
Poechos,2023,7,3258.199525850305,0.6909303639181545,2
Poechos,2023,8,0,0,1
Poechos,2023,9,4705.133390306661,0.9954761292893887,2
Poechos,2023,10,3201.659744385365,0.9949639380763201,2
Poechos,2023,11,0,0,1
Poechos,2023,12,2543.577408368136,0.9941983919930064,2
Poechos,2024,1,1231.4856838377232,0.5838194100260569,2
Poechos,2024,2,602.2887268404612,0.10810558669225179,1
Poechos,2024,3,220.19620312959557,0.19278378852555023,2
Poechos,2024,4,4959.472482143916,0.9955922750819519,2
Poechos,2024,5,4018.805969024466,0.8472442822799958,2
Poechos,2024,6,5325.782549915652,0.9954616802723053,2
Poechos,2024,7,5240.922752178023,0.9955778302977609,2
Poechos,2024,8,4492.3963725688145,0.9954189480430566,2
Poechos,2024,9,2427.124536823803,0.8552076730903192,2
Poechos,2024,10,2062.760566815401,0.9276878933585938,1
Poechos,2024,11,2093.0117353918936,0.959611406435279,2
Poechos,2024,12,2023.5783145055912,0.9873445639982069,2
Poechos,2025,1,4079.604014246063,0.9955922750828834,2
Poechos,2025,2,4120.097583588869,0.9035343637915694,2
Poechos,2025,3,5500.873470109889,0.9636599523622362,2
Poechos,2025,4,1153.9357146606446,0.270302541858984,2
Poechos,2025,5,5138.345411052509,0.763102489369475,2
Poechos,2025,6,2070.682662445068,0.21562040828696183,2
Poechos,2025,7,5746.28700798474,0.995190650919329,2
Poechos,2025,8,0,0,1
Poechos,2025,9,5605.668201846566,0.9706212670865612,2
Poechos,2025,10,5026.718566464963,0.9077190769825222,2
Poechos,2025,11,4576.877767813122,0.9415857163045683,2
Poechos,2025,12,5211.521442493251,0.9937587948457918,2
Poechos,2026,1,4874.331480351204,0.9955700127649533,2
Poechos,2026,2,0,0,2
Poechos,2026,3,1358.1536352766211,0.5178408068651204,2
Poechos,2026,4,1554.3573080517817,0.6130179296947301,2
Poechos,2026,5,5286.222616912892,0.9842721590425118,2
Poechos,2026,6,5523.209087064162,0.9955194554051542,1
Poechos,2026,7,0,0,0
Poechos,2026,8,0,0,0
Poechos,2026,9,0,0,0
Poechos,2026,10,0,0,0
Poechos,2026,11,0,0,0
Poechos,2026,12,0,0,0
San Lorenzo,2013,1,0,0,0
San Lorenzo,2013,2,0,0,0
San Lorenzo,2013,3,0,0,1
San Lorenzo,2013,4,1163.9686658270143,0.8604814204573559,1
San Lorenzo,2013,5,1212.802556970215,0.9955271771364841,2
San Lorenzo,2013,6,1349.8435864812395,0.9955907304410997,4
San Lorenzo,2013,7,1385.9307038152238,0.9955271778438992,4
San Lorenzo,2013,8,1244.3455403686523,0.9955589543046608,4
San Lorenzo,2013,9,947.3554463690065,0.9955589532620398,3
San Lorenzo,2013,10,810.7748876075893,0.9954953970167544,4
San Lorenzo,2013,11,445.79474921875,0.9955271762854094,3
San Lorenzo,2013,12,260.54550157470703,0.9954636250246791,3
San Lorenzo,2014,1,54.710741076660156,0.1956451436330358,2
San Lorenzo,2014,2,281.21809162597657,0.44595124935454206,2
San Lorenzo,2014,3,746.255128308632,0.972680052328063,4
San Lorenzo,2014,4,1156.5784574401855,0.9955907304410997,4
San Lorenzo,2014,5,1058.4718530700684,0.9415859438861203,4
San Lorenzo,2014,6,280.59665153808595,0.20115629482487057,3
San Lorenzo,2014,7,1395.6570614545276,0.9953047404832631,4
San Lorenzo,2014,8,1297.6293531005858,0.9955271765836121,4
San Lorenzo,2014,9,959.7468954223633,0.8583406324962036,4
San Lorenzo,2014,10,974.1828148193359,0.9893942587253394,4
San Lorenzo,2014,11,615.0931162902832,0.9924180348188445,2
San Lorenzo,2014,12,542.1167785949707,0.9955907304410997,4
San Lorenzo,2015,1,616.9641820867082,0.9954636236969155,3
San Lorenzo,2015,2,877.8532047770422,0.9714718558509453,3
San Lorenzo,2015,3,513.4074453142233,0.8110339284757451,3
San Lorenzo,2015,4,1361.4268303889735,0.9414631151135013,2
San Lorenzo,2015,5,26.196573657226562,0.050181346145067106,4
San Lorenzo,2015,6,0,0,3
San Lorenzo,2015,7,398.3934293029785,0.25475697908664796,4
San Lorenzo,2015,8,1318.2856271357518,0.9955589537517887,4
San Lorenzo,2015,9,1075.3143526916504,0.8890765327965728,3
San Lorenzo,2015,10,1006.0818907348632,0.9954953989169799,4
San Lorenzo,2015,11,1.8712258666992188,0.027074071392004014,4
San Lorenzo,2015,12,558.9574006774902,0.9955907304410997,4
San Lorenzo,2016,1,620.3503349975585,0.9952729634108596,4
San Lorenzo,2016,2,752.4029481689453,0.9085553758974682,3
San Lorenzo,2016,3,354.54767611694336,0.367956450147804,3
San Lorenzo,2016,4,1166.9028201993337,0.9867710340589096,4
San Lorenzo,2016,5,1434.4059231093702,0.9955907304410997,3
San Lorenzo,2016,6,1420.580530892693,0.9859891408604469,4
San Lorenzo,2016,7,1309.8371243286133,0.9779908514335856,4
San Lorenzo,2016,8,1205.1370261728323,0.9955907304410997,3
San Lorenzo,2016,9,1024.0806036865235,0.9955589544483204,4
San Lorenzo,2016,10,753.4720092895508,0.9955907304410997,4
San Lorenzo,2016,11,393.57817040405274,0.9955907304410997,4
San Lorenzo,2016,12,251.01133088378907,0.9547304972176233,3
San Lorenzo,2017,1,427.3390205476649,0.9954636215375634,4
San Lorenzo,2017,2,954.5180190163048,0.9356098663152446,3
San Lorenzo,2017,3,382.1026335674929,0.5863903786133232,4
San Lorenzo,2017,4,755.694955078125,0.4664545858961892,4
San Lorenzo,2017,5,0,0.003464447448869859,3
San Lorenzo,2017,6,0,0,3
San Lorenzo,2017,7,1375.7937232800055,0.9285864454275026,4
San Lorenzo,2017,8,1361.9735614791573,0.9950823038887081,4
San Lorenzo,2017,9,1273.642723454877,0.9910784146522013,4
San Lorenzo,2017,10,1059.6329325683594,0.9855175184274994,4
San Lorenzo,2017,11,799.9843854125977,0.9278711566446441,4
San Lorenzo,2017,12,611.3513021850586,0.9696843444590073,3
San Lorenzo,2018,1,807.5583314331054,0.9949234159930566,4
San Lorenzo,2018,2,348.2245786254883,0.5862175254647878,4
San Lorenzo,2018,3,831.5276128051757,0.9538675646690016,4
San Lorenzo,2018,4,685.3916705810547,0.5991913447995514,3
San Lorenzo,2018,5,1153.727085418701,0.9954954013220872,3
San Lorenzo,2018,6,1271.8783418945313,0.9952729651477318,4
San Lorenzo,2018,7,1304.222990423584,0.9955907304409959,4
San Lorenzo,2018,8,1261.72053883667,0.9954000715197069,4
San Lorenzo,2018,9,1179.3887505554198,0.9954636234834988,4
San Lorenzo,2018,10,178.5675383972168,0.4246471167631292,3
San Lorenzo,2018,11,798.2924287780762,0.871899298483674,3
San Lorenzo,2018,12,879.7329467590332,0.9743322970566328,3
San Lorenzo,2019,1,942.0161656188965,0.9904072236841084,4
San Lorenzo,2019,2,567.1500767211915,0.6824356751210597,3
San Lorenzo,2019,3,1339.6907148369285,0.9867379799617929,4
San Lorenzo,2019,4,1202.5563366760255,0.7211970694345291,3
San Lorenzo,2019,5,1417.137945455418,0.9948554864064246,4
San Lorenzo,2019,6,1417.508679926734,0.9955907304409959,4
San Lorenzo,2019,7,1375.2529619300753,0.9955907304409959,4
San Lorenzo,2019,8,1318.7277841060622,0.9955589534055956,3
San Lorenzo,2019,9,1206.5648762817382,0.9955907304409959,4
San Lorenzo,2019,10,1020.1600782409668,0.9954318441408373,4
San Lorenzo,2019,11,814.9326844203337,0.9722026587323521,4
San Lorenzo,2019,12,985.1426085998535,0.953105225605747,4
San Lorenzo,2020,1,1142.8375137203202,0.9954000697327715,3
San Lorenzo,2020,2,1174.3989289794922,0.995336516632762,2
San Lorenzo,2020,3,1198.635057006836,0.9941290251284634,4
San Lorenzo,2020,4,1279.8790058040604,0.9955907304410997,4
San Lorenzo,2020,5,1274.2992754127413,0.9476329095122416,4
San Lorenzo,2020,6,1406.088827799144,0.9955907304410997,3
San Lorenzo,2020,7,894.0761392150879,0.6314943261650958,4
San Lorenzo,2020,8,1255.016842263351,0.9955907304410997,4
San Lorenzo,2020,9,1023.9708060878139,0.9955907304410997,4
San Lorenzo,2020,10,760.3326502868653,0.9953365095586117,4
San Lorenzo,2020,11,291.37595278930667,0.6745489510178262,2
San Lorenzo,2020,12,586.3122414123535,0.6210318704794223,3
San Lorenzo,2021,1,771.3822075073242,0.957364452996669,3
San Lorenzo,2021,2,851.7538924865722,0.9955907304409959,4
San Lorenzo,2021,3,1255.935250938912,0.9820220370892898,3
San Lorenzo,2021,4,1440.1124157887657,0.9954318479565252,3
San Lorenzo,2021,5,1418.2008171974094,0.9955589538235147,3
San Lorenzo,2021,6,0,0,3
San Lorenzo,2021,7,1408.1381967566635,0.995558953261936,4
San Lorenzo,2021,8,1368.199312487793,0.9955271769796606,3
San Lorenzo,2021,9,1065.601412677002,0.9942560702077196,3
San Lorenzo,2021,10,1024.0805840759278,0.9955589539671744,4
San Lorenzo,2021,11,812.0129608825683,0.9949234080917748,4
San Lorenzo,2021,12,1.0692562133789063,0.299433999355459,3
San Lorenzo,2022,1,906.0171624023437,0.994605639675105,4
San Lorenzo,2022,2,0,0,1
San Lorenzo,2022,3,1165.7894899089738,0.9758868921039207,3
San Lorenzo,2022,4,1429.6870032277304,0.9955589542567742,3
San Lorenzo,2022,5,1441.1048682196165,0.9955589537648487,4
San Lorenzo,2022,6,1416.8639090797335,0.9955907304410997,4
San Lorenzo,2022,7,1404.909562036133,0.9955271772431405,3
San Lorenzo,2022,8,1375.3957933131558,0.9955907304410997,4
San Lorenzo,2022,9,1303.2426303588868,0.9955589544352604,4
San Lorenzo,2022,10,889.3563904846192,0.7310262613235735,4
San Lorenzo,2022,11,911.6312907897949,0.9954954006496026,4
San Lorenzo,2022,12,585.2425562011719,0.9938747510701315,4
San Lorenzo,2023,1,558.3328823791504,0.9955907304410997,4
San Lorenzo,2023,2,525.5419640258789,0.9949234135705359,3
San Lorenzo,2023,3,505.1737777843999,0.6215020976974645,4
San Lorenzo,2023,4,1363.0108216089586,0.9884407314032914,3
San Lorenzo,2023,5,0,0,3
San Lorenzo,2023,6,936.0409176391602,0.655626159120302,3
San Lorenzo,2023,7,696.6243677734375,0.4139910610131536,4
San Lorenzo,2023,8,0,0,3
San Lorenzo,2023,9,942.195195501709,0.6222879663389251,3
San Lorenzo,2023,10,822.3483570495605,0.9435098146276051,4
San Lorenzo,2023,11,817.5375360412597,0.9950822932971763,3
San Lorenzo,2023,12,633.1810658935547,0.9955907304410997,4
San Lorenzo,2024,1,893.2754047668457,0.9812813940473093,4
San Lorenzo,2024,2,1252.4393316785865,0.993461696090361,2
San Lorenzo,2024,3,1237.4855220214845,0.9954000689078167,4
San Lorenzo,2024,4,507.63400577392576,0.497097365117743,3
San Lorenzo,2024,5,1351.4473400207519,0.9955907304410997,4
San Lorenzo,2024,6,1366.2386570922852,0.9955907304410997,4
San Lorenzo,2024,7,1295.6685603637695,0.9955589536451322,3
San Lorenzo,2024,8,1066.3163399291993,0.9569282785347595,4
San Lorenzo,2024,9,940.7681522033691,0.9954954005908327,4
San Lorenzo,2024,10,524.4731910827637,0.9935252246963968,3
San Lorenzo,2024,11,346.88709908447265,0.9721708904646463,4
San Lorenzo,2024,12,373.8871419067383,0.9510643765296682,3
San Lorenzo,2025,1,866.3671259399414,0.9955907304409959,4
San Lorenzo,2025,2,0,0,3
San Lorenzo,2025,3,1163.5290487731934,0.6964421194711857,3
San Lorenzo,2025,4,1399.0290717956543,0.9955907304409959,4
San Lorenzo,2025,5,672.591906162636,0.7427735292170605,4
San Lorenzo,2025,6,0,0,3
San Lorenzo,2025,7,1362.871581408117,0.9797895559356649,4
San Lorenzo,2025,8,1242.1837527341836,0.9556644835366228,3
San Lorenzo,2025,9,840.528007421875,0.5942408591851136,4
San Lorenzo,2025,10,1195.3378919616698,0.9955271761177027,4
San Lorenzo,2025,11,1112.382511932373,0.9952094006115422,4
San Lorenzo,2025,12,1129.3120182434081,0.9951458468215311,4
San Lorenzo,2026,1,1044.752551989746,0.9546880678360141,3
San Lorenzo,2026,2,294.1330134765625,0.4884386762946215,4
San Lorenzo,2026,3,747.1348155761718,0.6137935536438216,4
San Lorenzo,2026,4,1413.4989336803962,0.995558954567933,3
San Lorenzo,2026,5,254.93197651367188,0.4271090876710318,4
San Lorenzo,2026,6,603.2431701599121,0.39275232297775675,2
San Lorenzo,2026,7,0,0,0
San Lorenzo,2026,8,0,0,0
San Lorenzo,2026,9,0,0,0
San Lorenzo,2026,10,0,0,0
San Lorenzo,2026,11,0,0,0
San Lorenzo,2026,12,0,0,0
